London Rank 2013 (out of 625),Borough name,Ward Code,Ward name,2013,Life Expectancy,Childhood Obesity,Incapacity Benefit rate,Unemployment rate,Crime rate - Index,Deliberate Fires,Average Capped GCSE and Equivalent Point Score Per Pupil,Unauthorised Absence in All Schools (%),Dependent children in out-of-work families,Public Transport Accessibility,"Homes with access to open space & nature, and % greenspace",Subjective well-being average score
42,City of London,E09000001,City of London,8.4,23.7,-19.4,15.1,8.6,17.2,5.6,10.3,11.8,8.1,29.2,-9.5,0
136,Westminster,E05000649,West End,4.6,8.2,-4.3,-0.7,5.9,-8.6,3,-2.6,7.5,7.6,30.1,-7.4,16.1
494,Westminster,E05000648,Westbourne,-5.1,-12.2,-14.9,-38.3,-12.6,-6.1,7.8,13.2,-2.9,-27.3,8.1,8.2,15.5
114,Westminster,E05000647,Warwick,5.5,14.4,-4.3,-3.7,3.8,2.9,9,6.1,-2.2,-5.7,24.6,5.1,16.1
92,Westminster,E05000646,Vincent Square,6.3,6.3,-6.3,-11.4,2.9,10.8,6.9,9.4,8.7,-4.7,22.4,14,16.1
135,Westminster,E05000645,Tachbrook,4.6,12.2,-13.3,-0.4,7.2,-4.2,5.8,1.7,4.6,-5.6,19.9,11.3,16.1
113,Westminster,E05000644,St James's,5.6,12.9,-10.2,-5.7,-2.3,0.6,3.4,7.1,8.2,-1.7,27.3,11.9,16.1
53,Westminster,E05000643,Regent's Park,7.8,19.1,-5.2,-0.9,8.2,1.3,9.5,11,-4.7,4.9,10.3,24.8,15.5
502,Westminster,E05000642,Queen's Park,-5.3,-4.8,-15.3,-17,-24.3,-2.1,11.4,6.2,-3.1,-22.3,9,-17.2,15.5
44,Westminster,E05000641,Marylebone High Street,8.4,17,-11.1,15,11.5,0.5,9.2,12.8,1.7,5.6,28.3,-2.7,12.8
194,Westminster,E05000640,Maida Vale,2.6,11,-9.3,-4.3,1.3,-10.6,4.7,9.9,2.6,-12.5,10.1,13.1,15.5
234,Westminster,E05000639,Little Venice,1.7,8.2,-5.9,-4.4,5.4,-9.2,9.2,0.6,-10.5,-2.3,13.4,0.5,15.5
130,Westminster,E05000638,Lancaster Gate,4.7,20.5,-6.1,7.9,5.5,-30.7,9.7,20.9,-11.5,3.2,27.7,-3.2,12.8
1,Westminster,E05000637,Knightsbridge and Belgravia,17.2,40.7,-11.1,25.1,14,1.3,11.4,33.2,18.2,18.7,20.4,18.5,16.1
126,Westminster,E05000636,Hyde Park,4.9,10.1,6.4,5.7,6.6,1.4,11.4,-1.1,-30,4.6,30.1,1.5,12.8
466,Westminster,E05000635,Harrow Road,-4.4,-4.3,-16.3,-23.1,-16,-6.6,11.4,8.8,-1,-18.3,13.9,-16.9,15.5
537,Westminster,E05000634,Church Street,-6.1,-0.4,-15.4,-44,-21.2,-1.8,3.7,2.2,-7.2,-25.7,21,0.2,15.5
444,Westminster,E05000633,Churchill,-3.8,8,-15.6,-18,-4.3,-23.2,6.8,-3.2,-8.6,-18.5,8.2,6.8,16.1
147,Westminster,E05000632,Bryanston and Dorset Square,4.2,21.6,-33.1,8.9,4.7,-6.1,9.5,9.9,-3.5,6.6,30.2,-10.5,12.8
154,Westminster,E05000631,Bayswater,3.9,15.3,-2.3,-5.3,2.8,-21.7,11.4,10,-6.1,5.3,19.6,4.9,12.8
57,Westminster,E05000630,Abbey Road,7.7,30.4,-9.8,11.8,8.5,2.9,7.3,-2.6,8.1,10.6,11.3,-1.6,15.5
297,Wandsworth,E05000629,West Putney,0,0.6,-5.5,2.2,4,-2.3,6.8,-2.1,-4.5,-0.2,-7.7,-6.7,15.3
183,Wandsworth,E05000628,West Hill,2.9,-4.4,1.4,10.4,1.5,3.5,7.2,7.6,4.5,-3,-6.9,-1.8,15.3
192,Wandsworth,E05000627,Wandsworth Common,2.7,-2,4.7,12.2,9.2,-3.1,-13.4,8.4,8.3,12,-7.6,5,-1.9
213,Wandsworth,E05000626,Tooting,2.3,0.3,-3.9,9.6,-1.4,1.4,7.3,6.8,6.2,-5.9,9.5,-1,-1.9
11,Wandsworth,E05000625,Thamesfield,10.7,21.4,14.6,18.4,11.4,-11.3,11.4,11.7,10,14.1,5.4,5.8,15.3
85,Wandsworth,E05000624,Southfields,6.4,9.4,3.5,14.6,7.4,-5.4,5.8,14.3,12.4,6.7,-0.5,-6.4,15.3
327,Wandsworth,E05000623,Shaftesbury,-1.2,2.2,-15,7.3,7,-17.3,6.6,-0.7,3,4,12.5,-14.2,-9.5
333,Wandsworth,E05000622,St Mary's Park,-1.3,-10.9,-9.4,12.6,1.1,-5.8,8.7,4.6,-4.7,-2.3,1,-1.4,-9.5
354,Wandsworth,E05000621,Roehampton,-1.9,-6.5,-6.3,-8.9,-8,-0.1,3.3,5.6,-9.2,-16.4,-6.9,15.2,15.3
375,Wandsworth,E05000620,Queenstown,-2.3,4.8,-13.1,10,1.3,-2,-1.2,-11.3,-1.7,-12.4,4.4,3.6,-9.5
112,Wandsworth,E05000619,Northcote,5.7,17,17.2,15.6,8.4,-23.9,9.8,0.5,8.4,14.2,10.7,-0.6,-9.5
207,Wandsworth,E05000618,Nightingale,2.4,-7.4,1.1,7.2,7.1,-11.5,5.1,8.6,10.9,8.5,11.6,-11.1,-1.9
508,Wandsworth,E05000617,Latchmere,-5.4,-6,-16.1,-4.3,-8.1,-15,-3.3,6.2,-5.6,-16.5,15.3,-2.3,-9.5
314,Wandsworth,E05000616,Graveney,-0.6,4.5,-4.2,4.5,0.2,-19.5,11.4,4.4,3.3,-5.7,10,-13.8,-1.9
268,Wandsworth,E05000615,Furzedown,0.6,5.9,-1.8,2.3,-3.7,-1.2,8.4,8.2,6,-3.3,-4.2,-7,-1.9
173,Wandsworth,E05000614,Fairfield,3.5,-1.1,-4.4,12.8,8,-10.8,11.4,1.9,1.1,4.9,12.3,-9.6,15.3
98,Wandsworth,E05000613,East Putney,6.1,10,14.5,15.6,8.9,1.4,8.4,0.7,1.9,5,2.4,-10.5,15.3
218,Wandsworth,E05000612,Earlsfield,2.2,3.7,-5.6,6.4,6.3,-1.5,7,5.7,3,0.2,0.9,1.9,-1.9
212,Wandsworth,E05000611,Bedford,2.3,1.3,2.2,5.8,6.9,-19.7,6.7,3.8,10.7,5.2,2.5,3.6,-1.9
116,Wandsworth,E05000610,Balham,5.3,15.7,13.4,11.9,8.5,-17.4,6.7,15.7,11.3,11,6.9,-10.2,-9.5
393,Waltham Forest,E05000609,Wood Street,-2.8,-3.5,-5.6,-9.1,-13.6,-10.5,8,-0.9,2.3,-7.2,-0.8,2.5,5.1
381,Waltham Forest,E05000608,William Morris,-2.5,-3,-11.9,0,-11.4,-1.6,6.3,-6.5,3.7,-7.9,-2.1,-0.1,5.1
501,Waltham Forest,E05000607,Valley,-5.3,8.6,-2.9,-8.7,-8,-25.5,-8.3,0.7,-7.9,-6.4,-9.7,-0.6,5.2
412,Waltham Forest,E05000606,Markhouse,-3.1,0.9,-11.9,-2.1,-18.3,-14.1,-2.9,3.5,-7.1,-5,3,11.5,5.1
280,Waltham Forest,E05000605,Leytonstone,0.4,-1.7,3.4,-1.9,-6.4,-17.1,6.1,5.6,2.8,2.7,12.2,-4.4,4.1
506,Waltham Forest,E05000604,Leyton,-5.4,-2.3,-1,-12.5,-21.8,-10.5,-1.2,-11.5,-10.6,-9.9,0.4,12.1,4.1
445,Waltham Forest,E05000603,Lea Bridge,-3.8,-13,-5.4,0.1,-19.5,-11.3,-0.1,-1.6,-11.3,-4.5,-1,18.2,4.1
350,Waltham Forest,E05000602,Larkswood,-1.7,5.5,-7.5,-7,-3.8,-4.2,-10.2,5,-6.3,-3.5,-6.6,12.6,5.2
513,Waltham Forest,E05000601,Hoe Street,-5.6,-6.1,-11.2,-10.8,-19.3,-20.4,-3.1,-5.1,-1.3,-5.9,10.1,1,5.1
460,Waltham Forest,E05000600,Higham Hill,-4.3,-0.7,-16.7,-7.9,-18.3,-1.8,-2,-1.3,-0.9,-14.8,-8.3,16.1,5.1
378,Waltham Forest,E05000599,High Street,-2.4,7,-9.6,2.8,-9,-41.1,-7.6,2.3,-3.4,-6.3,4.2,26.9,5.1
364,Waltham Forest,E05000598,Hatch Lane,-2,-2.8,2.8,-8.6,-4.2,-5.3,-7,8.4,-3,-5.8,-9.1,4.9,5.2
235,Waltham Forest,E05000597,Hale End and Highams Park,1.7,11,1.2,0.5,-4.4,-4.1,9.4,-1.3,4.4,-0.3,-8.8,7.3,5.2
287,Waltham Forest,E05000596,Grove Green,0.4,11.1,-9.4,8.6,-6,-9.1,9.8,2,-6.3,3.8,3.4,-7.5,4.1
311,Waltham Forest,E05000595,Forest,-0.5,2,-7.5,-4.5,-6,-6.7,2.5,-5.7,-1.4,3.5,4.1,9.7,4.1
219,Waltham Forest,E05000594,Endlebury,2.1,20.4,1,0,1.4,-5.1,5.1,5.3,-0.4,-1.7,-10.2,4.7,5.2
229,Waltham Forest,E05000593,Chingford Green,1.9,4.8,3.7,1.4,1,-6.2,2.6,2.6,3.7,-1.7,-7,12.1,5.2
303,Waltham Forest,E05000592,Chapel End,-0.1,10.4,-9,7.1,-8.5,-5.7,-1.4,-2.7,4.5,-2.4,-6.1,7.9,5.2
471,Waltham Forest,E05000591,Cathall,-4.7,1.9,-9,-9.5,-23.2,-7.2,0.8,-2.8,-13.1,-8.2,4.1,6.2,4.1
512,Waltham Forest,E05000590,Cann Hall,-5.5,-6.7,-5.7,-1,-15.3,-5.8,-4.9,-7.1,-11.3,-7,-6.1,1,4.1
428,Tower Hamlets,E05000589,Whitechapel,-3.5,-17.7,-19.1,5.3,-12.2,-0.8,-9.9,0.9,-0.4,-16.1,21.9,-13.6,19.3
505,Tower Hamlets,E05000588,Weavers,-5.4,-8.8,-14,-3.5,-19.1,-36.2,0.1,-1.8,8.4,-19.6,12.3,9.5,8.2
385,Tower Hamlets,E05000587,Spitalfields and Banglatown,-2.6,-5.6,-9.1,2.5,-16.8,-5.8,1.1,1.3,4.8,-14.4,22.2,-20.1,8.2
464,Tower Hamlets,E05000586,Shadwell,-4.4,0.9,-17.1,-1,-27.6,-12.5,-18.1,4.1,4.5,-15.7,16.2,-5.7,19.3
161,Tower Hamlets,E05000585,St Katharine's and Wapping,3.7,1.9,5.3,5.6,2.7,2.6,7.8,2.4,5,-9.5,4.6,-3,19.3
482,Tower Hamlets,E05000584,St Dunstan's and Stepney Green,-4.9,-9.4,-15.5,-5.4,-19.2,-6,-31.2,2.6,3.1,-17,11.3,8.6,19.3
159,Tower Hamlets,E05000583,Millwall,3.8,7.1,-11.6,11.8,0.3,17.2,5.8,-2.1,-4.7,-4.5,-2.6,-6.8,35.2
598,Tower Hamlets,E05000582,Mile End East,-9.4,-4.5,-23.8,-2.4,-26,-9.5,-41.4,4.3,-6.6,-21.7,11.2,3.9,3.3
419,Tower Hamlets,E05000581,Mile End and Globe Town,-3.3,-11,-9.3,3,-9.7,-4.7,-10.3,-0.2,1.9,-17.2,11.3,-1.5,8.2
516,Tower Hamlets,E05000580,Limehouse,-5.6,-15.8,-12.7,-5.1,-17.6,-9.2,-34.4,0.5,0.3,-22,8.5,5,35.2
613,Tower Hamlets,E05000579,East India and Lansbury,-10.6,-12.7,-13.7,-16.4,-40.2,-12.8,-29.5,-11,-0.4,-25.2,-1.8,1.2,35.2
552,Tower Hamlets,E05000578,Bromley-by-Bow,-6.8,0.9,-12.3,-5.3,-29.2,-10.3,-16.8,5.4,2.8,-22.2,3.3,-1.6,3.3
530,Tower Hamlets,E05000577,Bow West,-5.9,-0.9,-1.4,-2.5,-9.8,-28.6,-48.7,5.5,1.4,-8.9,10.1,9.2,3.3
596,Tower Hamlets,E05000576,Bow East,-9.3,-7.7,-16.8,-7.5,-14.2,-19.2,-12.6,-0.5,-8.8,-30.5,-0.9,4.1,3.3
274,Tower Hamlets,E05000575,Blackwall and Cubitt Town,0.5,3.3,-13.1,6.5,-4.1,7.4,-10,0.4,-5.8,-17.8,0.1,4.4,35.2
518,Tower Hamlets,E05000574,Bethnal Green South,-5.6,-7.6,-8.5,-4.6,-15.8,-25.1,-27.5,-2.2,3.6,-17.9,21.5,8.5,8.2
559,Tower Hamlets,E05000573,Bethnal Green North,-7.1,-12.4,-15.6,-4.4,-21.8,-20.8,-20.7,0.8,3.6,-22.5,15.9,4.8,8.2
81,Sutton,E05000572,Worcester Park,6.6,13.6,1.6,14.5,8.5,7.5,7.5,14.3,6.8,7.7,-10,-1,8.4
484,Sutton,E05000571,Wandle Valley,-4.9,-4.8,-2.2,1.2,-3.8,-2.1,-24.9,-15.4,-9.3,-6.1,-9.9,10.2,8.4
216,Sutton,E05000570,Wallington South,2.2,6.8,-3.9,-0.5,2.1,-0.5,-4,20.2,7.4,3.6,-3,-8.9,7.4
188,Sutton,E05000569,Wallington North,2.7,5.9,0.1,6.5,5.7,-5,-7.7,18.7,0.6,6.3,-2.2,-3.6,7.4
245,Sutton,E05000568,The Wrythe,1.4,-4.6,-4.8,11,3,-2.3,4.8,11.9,4.4,1.4,-8.1,-8,8.4
70,Sutton,E05000567,Sutton West,7.1,3.9,-2,13.9,8.2,6.7,11.4,19.9,8.1,11.1,-1.7,-0.6,6.2
243,Sutton,E05000566,Sutton South,1.5,-2.2,-3.9,9,4.2,6.2,4.4,18.7,-1.1,6.8,-3.6,-27.2,6.2
155,Sutton,E05000565,Sutton North,3.9,8.4,-1.9,14.6,5,0.4,-1.7,15.3,7.7,6.1,-3.1,-10.4,6.2
342,Sutton,E05000564,Sutton Central,-1.5,1.2,0.9,7,-1.2,-10.7,-8.9,3.2,-5.8,-0.7,7.8,-17.2,6.2
100,Sutton,E05000563,Stonecot,6,1.7,0.9,16.6,6.9,4,-3.3,19.7,18.1,11.7,-9.4,-3.1,8.4
417,Sutton,E05000562,St Helier,-3.2,-1.1,-11.2,-1,-7.3,0.6,-1.8,-6.8,-6.9,-6.7,-6.3,1.4,8.4
33,Sutton,E05000561,Nonsuch,8.8,22.7,14.8,17.5,9.9,3.6,-5.5,17.4,16.3,13.1,-10.6,-2.4,8.4
40,Sutton,E05000560,Cheam,8.4,8,11.8,16.6,9.6,8.9,-4,32.6,15.5,13.7,-11.5,-6,6.2
76,Sutton,E05000559,Carshalton South and Clockhouse,6.8,8.6,12.1,8.4,6.7,5.8,4.5,14.7,4.4,10.4,-11.8,10.4,7.4
86,Sutton,E05000558,Carshalton Central,6.4,11,9.8,9.7,5.9,0.9,-2,21.4,10.1,8.1,-3.5,-2,7.4
184,Sutton,E05000557,Belmont,2.9,9.4,-1.2,5.8,7,11.1,-4.3,16,4.5,9.1,-10.7,-18.1,6.2
426,Sutton,E05000556,Beddington South,-3.5,5.7,-10,-5.1,-2.9,-5.6,-9.8,5.6,-10.3,-7.3,-12.7,3.5,7.4
153,Sutton,E05000555,Beddington North,3.9,9.8,-3.2,9.7,4.6,4.5,-14.9,9.5,4.9,8.8,-8.2,14.1,7.4
31,Southwark,E05000554,Village,9.1,16.7,17.3,12.5,6.8,-7.6,5.8,21.8,19.5,12.3,2.4,1,0.2
510,Southwark,E05000553,The Lane,-5.5,0.1,-17.6,0,-13.8,-28.1,-1.6,-1.2,-1.4,-7.1,15.8,-8.2,-2.4
345,Southwark,E05000552,Surrey Docks,-1.6,-2.6,-13.4,8.9,4.7,-12.7,5,-0.4,-8.5,-3.6,-6.5,-7.1,17.5
324,Southwark,E05000551,South Camberwell,-1,12.3,-20.4,4.5,-5,-7,0.7,8.5,6.9,-0.2,6.1,-18.2,0.2
535,Southwark,E05000550,South Bermondsey,-6,2.1,-21.9,-6.8,-10.7,-17.6,4.9,0.3,-10,-15,-0.9,-14,17.5
435,Southwark,E05000549,Rotherhithe,-3.7,-3.3,-24.7,-5.5,-2.6,-26.2,-1.4,-2.7,1.8,-14.9,10.6,7.1,17.5
365,Southwark,E05000548,Riverside,-2.1,3,-18.2,7.5,0.6,3.8,5.4,-11.4,-14.4,-10.7,4.4,-12.2,17.5
289,Southwark,E05000547,Peckham Rye,0.3,3.9,-1.6,-2.4,-2.1,-9.4,9.7,-2.2,7.8,-3.8,-2.3,7.9,-2.4
582,Southwark,E05000546,Peckham,-8.6,-11.3,-22.6,-1.2,-27.4,-16.2,-2.4,0.6,3.9,-13.7,2.1,-12.9,-2.4
584,Southwark,E05000545,Nunhead,-8.7,-14.9,-13.6,-23,-19.2,-10.9,-3.7,0.5,1.6,-13.1,7.5,-12.8,-2.4
509,Southwark,E05000544,Newington,-5.4,0.2,-19.1,-11.6,-7.8,-20.1,5.2,0.1,-5.9,-12.2,14.2,-10.7,2.5
583,Southwark,E05000543,Livesey,-8.6,3.4,-19.3,-6.4,-23.1,-11.8,-10.8,1.1,-5.2,-15.4,4,-18,-2.4
528,Southwark,E05000542,Grange,-5.8,-10.6,-12.4,-4.1,-7.5,-8.3,-1.1,-7,-8.7,-15.3,9.4,-22.1,17.5
577,Southwark,E05000541,Faraday,-8.1,2.3,-22,-5.8,-16.2,-15.6,-27.7,-4.5,-2.8,-13.5,6.3,0.3,2.5
590,Southwark,E05000540,East Walworth,-8.9,-2.7,-25.9,-10.5,-7.1,-47.6,-6.7,2.3,-8,-14.5,14.7,-3.3,2.5
256,Southwark,E05000539,East Dulwich,0.9,5.5,0.8,1.2,1.5,-9.3,11.4,4.7,1.4,5.5,2.4,-14.8,0.2
348,Southwark,E05000538,College,-1.6,10.4,-7,-3.4,-3.1,-13.9,3.6,-5.3,3.3,-4.9,-2.7,3.2,0.2
405,Southwark,E05000537,Chaucer,-3,4.9,-15.4,4.4,-3.7,-9.1,-10.5,-4,-1,-10.5,24.6,-17.7,2.5
422,Southwark,E05000536,Cathedrals,-3.4,-5.1,-18.1,-3.7,-5.9,6.4,2.9,-6.4,-12.6,-11.1,30,-19.2,2.5
547,Southwark,E05000535,Camberwell Green,-6.6,-15.9,-13,-14.9,-19.4,-17.5,6.9,3.6,-0.4,-11.4,13.1,-10.2,0.2
548,Southwark,E05000534,Brunswick Park,-6.6,-3.7,-12.6,-12.2,-15.3,-10.5,-0.7,1.8,-5.6,-8.8,2.6,-15,0.2
134,Richmond upon Thames,E05000533,Whitton,4.6,7,13.2,10.6,7.4,2.2,9,12.1,5.1,8.9,-9.5,-4.1,-6.2
47,Richmond upon Thames,E05000532,West Twickenham,8.2,11.2,13.1,12.2,9.7,1.1,7,21.2,13.9,11.3,-7.4,11.9,-6.2
19,Richmond upon Thames,E05000531,Twickenham Riverside,9.9,8.4,23.2,15.8,11.2,-0.2,7,21.9,9.7,16,5.5,6.1,-6.2
13,Richmond upon Thames,E05000530,Teddington,10.5,9.9,25.5,13.2,10.2,8.3,4.8,19.2,18.7,14.5,-3.9,11.6,-5.5
4,Richmond upon Thames,E05000529,South Twickenham,11.6,20.1,19.2,16.4,11.3,5.6,6.8,32.8,19.3,15,-1.6,0.2,-6.2
80,Richmond upon Thames,E05000528,South Richmond,6.6,13.2,18.9,10.4,9.5,-4.9,5.1,0,2.6,15,2.7,8.7,-1.7
22,Richmond upon Thames,E05000527,St Margarets and North Twickenham,9.8,19.5,18.6,17.6,10.8,1.5,1.4,25.6,14,15.6,-4.5,3.9,-6.2
48,Richmond upon Thames,E05000526,North Richmond,8.2,21.5,11.7,6.7,9.2,-0.5,11.4,8.5,6.1,11.2,4.5,9.8,-1.7
79,Richmond upon Thames,E05000525,Mortlake and Barnes Common,6.7,16.1,19.8,12.7,8.5,-4.3,7.2,3.5,7.3,8.7,-5.5,7.9,-1.7
34,Richmond upon Thames,E05000524,Kew,8.7,25.9,13.7,14.2,10.7,0.5,9.4,6.6,3.6,12.9,-6.6,14.9,-1.7
269,Richmond upon Thames,E05000523,Heathfield,0.6,7.4,0.6,1,4.9,0.9,0.4,3,1.9,3.8,-12.6,2.5,-6.2
37,Richmond upon Thames,E05000522,Hampton Wick,8.5,15.1,21.4,4.6,10.6,1.3,9.2,14.6,14.2,13.1,-7.3,11,-5.5
293,Richmond upon Thames,E05000521,Hampton North,0.1,7,1.2,-0.8,6.8,-0.2,-0.7,-6.6,8,0.7,-11.6,3.1,-5.5
39,Richmond upon Thames,E05000520,Hampton,8.5,7.2,5.3,13.2,9.8,3.3,9.1,14.9,18.5,10,-8,23.7,-5.5
119,Richmond upon Thames,E05000519,"Ham, Petersham and Richmond Riverside",5.2,7.9,10.7,8.2,5.3,3.2,-8.4,13.6,3.4,7.1,-12.1,25.8,-1.7
50,Richmond upon Thames,E05000518,Fulwell and Hampton Hill,8,5.9,25.3,11.5,9.2,6.1,2.4,17.4,16.7,13,-4.2,-1.5,-5.5
5,Richmond upon Thames,E05000517,East Sheen,11.4,23.6,21.3,19,11,2.7,11.4,15.2,5.3,16.2,-8.5,21.8,-1.7
106,Richmond upon Thames,E05000516,Barnes,5.9,18.6,-1.6,11.7,8.8,-1.3,9.2,1.2,-0.1,12.5,-3,16.4,-1.7
142,Redbridge,E05000515,Wanstead,4.4,8.8,-1.1,6.5,6.4,-15.5,5.5,14.3,3,9.4,-9.1,17.9,6.3
394,Redbridge,E05000514,Valentines,-2.8,0.3,-9.3,-2.8,-10.5,-14.8,-5.9,5.9,-2.7,2,5.4,-9.5,8.6
125,Redbridge,E05000513,Snaresbrook,5,7.4,1.7,7.5,6.2,-2.7,3.7,11.8,10.5,12.5,-1.1,-4.2,6.3
369,Redbridge,E05000512,Seven Kings,-2.1,2.6,-13.6,-1.8,-6.9,-7.1,-2.8,2.9,0.4,1.2,-4.7,0,4.5
214,Redbridge,E05000511,Roding,2.3,10.2,-5,7.2,0.9,-2.9,2,5.1,-0.8,5.3,-9.3,7.9,6.3
200,Redbridge,E05000510,Newbury,2.5,13.5,-6.3,2.8,-2.9,0.4,7.3,12.1,7.8,2.6,-4.6,-7.1,4.5
36,Redbridge,E05000509,Monkhams,8.6,9.3,9,12.4,9.5,4.4,2.7,24.2,17.4,14.4,-8.6,2.6,6.3
315,Redbridge,E05000508,Mayfield,-0.7,5.9,-11.3,4.5,-5.1,-3.9,1.4,8,-6.5,0.8,-7.5,-2.7,8.6
540,Redbridge,E05000507,Loxford,-6.2,-9.7,-13,-2.7,-16.7,-10.5,-0.7,-0.9,-15.6,-9.4,-2.9,-0.8,8.6
492,Redbridge,E05000506,Hainault,-5.1,-4.4,-11.2,-19.6,-8.5,1.2,-7.6,-3.8,-11.8,-5.5,-10.2,13.8,6.3
439,Redbridge,E05000505,Goodmayes,-3.7,0.5,-10.7,-3.5,-8.7,-5.3,1,-0.9,-3.3,-2.1,-0.8,-15.2,4.5
247,Redbridge,E05000504,Fullwell,1.2,15.3,-17.3,-2.5,-1.6,-3.9,6.1,11.1,5,-0.1,-10.2,6,6.3
270,Redbridge,E05000503,Fairlop,0.6,4.5,-15.1,0.8,-0.1,-5.1,-1.2,6,2,4,-6.9,12,6.3
187,Redbridge,E05000502,Cranbrook,2.8,0.4,-4.3,5,0.8,-6.3,6.1,14.5,-8.3,7.2,-0.1,9.9,8.6
524,Redbridge,E05000501,Clementswood,-5.7,1.2,-5.6,1.3,-12.5,-18,-7.5,2.4,-11.1,-2.9,-3,-21.3,8.6
90,Redbridge,E05000500,Clayhall,6.3,14.7,-7.1,8.4,4.2,3.8,6.2,23.2,8.5,12.2,-10.4,6.9,4.5
139,Redbridge,E05000499,Church End,4.5,8.7,2.6,10.6,4.9,-6.3,7.5,16.3,11.1,11.2,-7.3,-12,6.3
400,Redbridge,E05000498,Chadwell,-2.9,-2.8,-11.5,3.6,-3.2,-7.3,1.9,6.1,5.3,-1.6,-9.5,-20.2,4.5
162,Redbridge,E05000497,Bridge,3.7,13.6,5.6,1.5,2.4,-3.9,7.5,8.3,5.6,2.3,-9.4,4.8,6.3
124,Redbridge,E05000496,Barkingside,5,22.4,-2.9,6.1,3.3,-2.3,6,19.5,7.1,9.7,-4.1,-9.7,4.5
206,Redbridge,E05000495,Aldborough,2.4,-3.8,-5.8,1.8,0.1,-6.1,5.3,14.1,10.2,6,-7.9,10,4.5
475,Newham,E05000494,West Ham,-4.7,-0.1,-14.6,-2,-15.6,-5.3,-14.6,-0.1,-8.3,-11.5,6.8,8.9,-0.6
414,Newham,E05000493,Wall End,-3.2,0.1,-14.6,4.7,-8.7,-0.3,-0.9,-9,-20.9,-2.3,-0.2,-1.7,15.7
543,Newham,E05000492,Stratford and New Town,-6.3,-3,-9,9,-5.4,-44.2,-21.5,-6.4,-12.8,-6.7,14.6,9.9,-0.6
363,Newham,E05000491,Royal Docks,-2,3.7,-27.8,12.7,-1.2,-1.3,-2.1,-6.1,-10.8,-3.6,-6.8,-3.9,22.9
404,Newham,E05000490,Plaistow South,-3,-1.1,-14.8,-0.1,-16.1,-7.2,-2.4,1.2,-5.6,-6,4.7,-4.6,16.5
451,Newham,E05000489,Plaistow North,-3.9,2.4,-6.6,-9.1,-17.5,-6.2,-13.6,1.4,-1.4,-8.7,4.3,-9,16.5
438,Newham,E05000488,Manor Park,-3.7,-9.5,-11.2,-0.6,-16.7,-4.7,-10.9,-2.1,-1.7,-4.5,1.7,0,15.7
437,Newham,E05000487,Little Ilford,-3.7,-9.8,-16.3,-5.7,-19.8,-6.5,-3.6,-1.9,2.4,-7.3,-7.7,16.1,15.7
377,Newham,E05000486,Green Street West,-2.3,3.1,-7.6,1.4,-13.7,-3.9,-5.1,0.3,-3.4,-2.3,1.4,-14.5,16.5
373,Newham,E05000485,Green Street East,-2.2,6.3,-11.8,1.6,-12.6,-3.4,-2.9,1.5,-7.9,-3.3,-0.6,-9.8,16.5
586,Newham,E05000484,Forest Gate South,-8.8,-14.4,-15.6,-4.4,-13.8,-12.5,-20.9,-3,-3,-4.1,1,-13.7,-0.6
462,Newham,E05000483,Forest Gate North,-4.3,-2.1,-13.8,2.6,-10.5,-9.8,-4,-1.7,-2.1,-3.4,-3.8,-3,-0.6
522,Newham,E05000482,East Ham South,-5.7,-4.7,-14.2,-1.8,-13.4,-5.8,-11.7,-3.6,-15.4,-7.6,-8.2,2.8,15.7
411,Newham,E05000481,East Ham North,-3.1,-10.9,-6.9,-0.3,-11.8,-1.8,-6.5,-4.6,-11.2,-1.9,4.4,-1.7,15.7
440,Newham,E05000480,East Ham Central,-3.7,3.1,-14.9,6.8,-9.6,-15.4,-12.9,-5.2,-12.6,1,6.8,-7.3,15.7
595,Newham,E05000479,Custom House,-9.3,-18.6,-11.3,-10.5,-11.5,-27.8,-21,-7.2,-16.4,-10.5,-4.5,5.1,22.9
562,Newham,E05000478,Canning Town South,-7.2,-8.5,-16.9,3.3,-10.5,-11,-8.8,-9.1,-20.1,-13,-1.5,-13.9,22.9
608,Newham,E05000477,Canning Town North,-10.2,-6.2,-19.8,-12.1,-27.1,-8.4,-28,-9.1,-23.3,-15.9,6.8,-2,22.9
491,Newham,E05000476,Boleyn,-5.1,8.4,-16.3,-2.1,-12.3,-9.7,-21.2,-3.8,-11.6,-5,2,-6.1,16.5
483,Newham,E05000475,Beckton,-4.9,-0.6,-9.8,-8.3,-2.8,-5.7,-18.7,4.3,-26,-5.6,-6.7,-1.8,22.9
24,Merton,E05000474,Wimbledon Park,9.6,16.3,12.4,15.7,9.6,3.9,7.3,31.3,16.8,11.4,-5.1,1.7,-5.9
102,Merton,E05000473,West Barnes,5.9,8.8,-1.9,16.9,7.8,0.5,4.5,17.8,12.6,10.9,-6,-0.3,-0.4
18,Merton,E05000472,Village,10.1,19.4,-2.3,22.9,12.6,5.6,11.4,18.4,15.7,18.6,-10,14.6,-5.9
166,Merton,E05000471,Trinity,3.7,2.5,-0.3,16.8,7.4,-7.4,-0.2,4.4,8.6,8.9,1.2,7.7,-5.9
283,Merton,E05000470,St Helier,0.4,-3,-6.4,-1,-2.8,1.7,4.8,8.3,-2.1,-1.6,-4.7,11.8,-0.4
60,Merton,E05000469,Raynes Park,7.7,-2.7,8.9,13.5,10.1,3.4,6.7,19.4,21.2,10.1,0.3,1.3,-0.4
362,Merton,E05000468,Ravensbury,-2,-8.4,-4.6,1.5,-4.3,-1.7,4.6,-6.1,-9.8,-4.6,-5.9,15.4,-0.4
413,Merton,E05000467,Pollards Hill,-3.1,4.3,-9.8,6.8,-8.7,-7.6,-21.2,2.1,-4.2,-5.3,-8.5,14.1,0.3
17,Merton,E05000466,Merton Park,10.2,18.1,12.9,18.8,7.9,2.5,1.8,24.8,21.5,12,0.5,1.5,-0.4
168,Merton,E05000465,Lower Morden,3.6,6.9,2.2,14.7,6,8.2,3.9,-0.9,-0.7,9.7,-11.1,4.1,-0.4
275,Merton,E05000464,Longthornton,0.5,1.2,-3.4,6.8,-1.8,-5.7,4.7,4.7,-0.4,3,-7,3.8,0.3
330,Merton,E05000463,Lavender Fields,-1.3,3.1,-6.6,10.3,-1.5,-3.7,7,3,-13.7,-4,-7.9,-1.7,0.3
21,Merton,E05000462,Hillside,9.8,19.6,-2.3,19.2,11.5,10,8.8,20.8,21.7,15.7,11.4,-12.6,-5.9
231,Merton,E05000461,Graveney,1.8,10.5,-13.1,14.3,-4.2,-3.2,9.1,2.8,4.3,7.1,-2.7,-3.6,0.3
467,Merton,E05000460,Figge's Marsh,-4.5,-5.3,-12.6,1,-11.6,-13.4,-0.6,-1.1,-9.3,-4.2,-1.1,3.4,0.3
14,Merton,E05000459,Dundonald,10.5,18.1,17,20.5,11.8,-0.8,6.5,20.2,19.2,14.9,8.1,-3.2,-5.9
408,Merton,E05000458,Cricket Green,-3.1,-3.6,-9.4,-2.1,-14.7,2.9,-4.4,-1.6,-3.1,-7.6,-6.2,12.7,0.3
226,Merton,E05000457,Colliers Wood,2,4.5,0.7,14.7,5.2,-13.4,0.9,2.6,1.4,4.7,1.1,1.8,0.3
94,Merton,E05000456,Cannon Hill,6.2,18.7,-10.5,16.2,6.6,3.3,4,11.5,13.5,10.3,-8.7,9.9,-0.4
120,Merton,E05000455,Abbey,5.2,2,6.9,14.7,9.6,1.2,2.6,8.9,10.4,3.1,9.7,-1.2,-5.9
469,Lewisham,E05000454,Whitefoot,-4.6,8.9,-12.4,-6,-10.8,-11.1,5.1,-6.1,-9.9,-11.2,-7,1.9,3.5
340,Lewisham,E05000453,Telegraph Hill,-1.5,2.1,-7.8,-2.5,-10,-5.6,4.6,4,7.8,-6.3,10.3,-17.2,2.6
520,Lewisham,E05000452,Sydenham,-5.6,-10.8,-14.2,-3.7,-8.6,-9,1.3,-11,-7.4,-9.8,2.4,-0.3,3.5
453,Lewisham,E05000451,Rushey Green,-4,1.2,-3.3,-12.3,-11.6,-15.9,1.2,-12.1,-1,-6.8,9.8,3.3,0
442,Lewisham,E05000450,Perry Vale,-3.8,5.5,-8.7,-1.2,-5.7,-6.7,1.2,-3.1,0.5,-6.6,-2.5,-21.4,3.5
589,Lewisham,E05000449,New Cross,-8.9,-22.3,-18,-0.2,-13.5,-23.1,-6.4,-5,-2.8,-11.9,4.8,-10.8,2.6
526,Lewisham,E05000448,Lewisham Central,-5.8,-13.2,-13.8,-8.3,-8.6,-19.5,4.1,-5,-5.7,-8.4,9.9,-0.8,0
288,Lewisham,E05000447,Lee Green,0.4,6.2,4.4,-2.5,-2.5,-5.4,0.5,7.7,2.2,-0.1,-1,-5.3,0
334,Lewisham,E05000446,Ladywell,-1.4,0.1,-13.2,3.4,-2.2,-6.7,5.2,-6.5,-2.8,-2.2,5.1,0.4,2.6
478,Lewisham,E05000445,Grove Park,-4.8,-1.9,-10.2,-7.7,-5.4,-2.4,-1,1.5,-12.2,-5,-4.2,-9.2,0
360,Lewisham,E05000444,Forest Hill,-2,-2.9,-3.3,-0.7,-6.9,-13.7,3.7,2.9,0.3,-2.2,1.5,-5.8,3.5
568,Lewisham,E05000443,Evelyn,-7.5,-7.6,-15.8,-8.2,-13.6,-9.8,4.9,-8,-7.7,-14.8,-4.6,-7.6,2.6
536,Lewisham,E05000442,Downham,-6.1,5.4,-14.7,-13.8,-14.2,-12.5,2,-6.1,-11.1,-16.6,-3.6,8.8,3.5
347,Lewisham,E05000441,Crofton Park,-1.6,10.1,-3.5,1.4,-2.9,-3,-5.3,-14,2.7,2.2,2.1,-11.3,2.6
355,Lewisham,E05000440,Catford South,-1.9,0.4,-7.3,-1.1,-4,1.7,9.9,-0.8,1.9,-0.1,-3.6,-19.9,0
481,Lewisham,E05000439,Brockley,-4.9,-6.1,-13,1.8,-9.5,-17.8,1.1,-9.1,-9.1,-5.2,14.8,-9.2,2.6
296,Lewisham,E05000438,Blackheath,0.1,1.9,-3.6,6.3,1.5,-8.4,5.1,-3.1,-9.8,-0.4,8.1,3.1,0
565,Lewisham,E05000437,Bellingham,-7.3,-5.9,-19.3,-10.7,-11.7,-10.7,0.7,-11.2,-10.8,-14.7,-5.3,8.5,3.5
546,Lambeth,E05000436,Vassall,-6.5,3.8,-20.5,-10.7,-17.9,-18.7,5.2,-2.4,-1.8,-15.1,4.5,-6.3,1.8
523,Lambeth,E05000435,Tulse Hill,-5.7,0.4,-17.3,3,-16.4,-19.1,4.2,-6.9,-3.6,-13.5,4.2,-0.3,-2.8
313,Lambeth,E05000434,Thurlow Park,-0.6,5.5,-1.3,-0.5,-1.7,-13.1,4.7,4.6,-6.3,-0.5,8.9,-8.9,1.7
253,Lambeth,E05000433,Thornton,1,15,-13.9,9.3,-1.8,-6,9.6,9.4,0.5,-5.2,-1.6,-5,1.7
319,Lambeth,E05000432,Streatham Wells,-0.8,-7,-6,4.7,-1.9,-8.2,8.3,10.6,-4.6,-5.7,4.8,-5.7,1.7
300,Lambeth,E05000431,Streatham South,0,7.9,-10.4,4.9,-6.7,-7.3,3.5,4.7,0.6,-4.1,2,3,1.7
325,Lambeth,E05000430,Streatham Hill,-1,-8.2,-0.1,4.6,-3.3,-17.6,3.6,7.8,-2,-4.4,10.6,-4.7,1.7
346,Lambeth,E05000429,Stockwell,-1.6,-2.6,-12.5,4.2,-11.2,-17.2,3.7,8,4.4,-12.7,11.3,4.1,1.8
292,Lambeth,E05000428,St Leonard's,0.1,7.6,-2,1.7,-6.1,-22.7,6.7,7.1,-5.5,-0.4,15.1,-1.5,1.7
386,Lambeth,E05000427,Prince's,-2.7,0.1,-15.6,-7.7,-11.1,-13.8,8.3,4.9,7.3,-10.6,18.1,-13.6,1.8
338,Lambeth,E05000426,Oval,-1.5,-3.6,-12.8,2.5,-2.5,-20.5,8.5,-5.6,6.2,-12.2,22.1,-1.4,1.8
497,Lambeth,E05000425,Larkhall,-5.2,-13.5,-21.6,3.5,-5.9,-26.5,3.6,-3.8,1.1,-14.7,10.1,3.5,1.8
420,Lambeth,E05000424,Knight's Hill,-3.3,-10.8,-2.2,-4.8,-10.6,-11.8,8.3,3.3,-1.8,-8,2.1,-5.2,1.7
331,Lambeth,E05000423,Herne Hill,-1.3,1.5,0.8,-2.3,-9,-6.2,5.4,-3.8,-0.1,-0.6,5.4,-4,-2.8
490,Lambeth,E05000422,Gipsy Hill,-5,-3.4,-17.3,-2.4,-7.8,-12.8,6.4,-11.6,-3.3,-15.6,-0.5,6.6,1.7
560,Lambeth,E05000421,Ferndale,-7.1,-1.9,-26.2,-0.3,-4.5,-47.7,-0.2,-12.1,6.1,-9.7,17.9,-4,-2.8
601,Lambeth,E05000420,Coldharbour,-9.7,-0.8,-4.7,-7.6,-28.7,-41.4,-0.6,-6.9,-4.8,-19.9,11.9,-9.5,-2.8
499,Lambeth,E05000419,Clapham Town,-5.2,-15.9,-7.1,3,0.3,-45.8,-1.4,2.2,3.8,-5.5,9.2,-3.1,-2.8
352,Lambeth,E05000418,Clapham Common,-1.9,-1.4,-5.3,6.2,4.1,-21.1,-2.5,-2.2,4,-0.1,2.3,-3.5,-2.8
391,Lambeth,E05000417,Brixton Hill,-2.8,-10.1,-2.2,6.6,-7.8,-17.1,0.1,-3,0.5,-7.8,8,2.5,-2.8
238,Lambeth,E05000416,Bishop's,1.6,-0.5,-5.7,-0.5,-4.5,2.5,11.4,-1.3,-1.2,-5.6,27.2,-4.2,1.8
20,Kingston upon Thames,E05000415,Tudor,9.9,21.4,13.7,21.1,9.5,9.8,6.6,21.2,17.2,12.1,-10.6,3.1,-6.6
197,Kingston upon Thames,E05000414,Tolworth and Hook Rise,2.6,10.9,3.4,18.4,7.6,6.4,2.4,-3.3,11.9,6,-10.9,-15.7,-6.7
96,Kingston upon Thames,E05000413,Surbiton Hill,6.2,0.3,15.9,14.2,10.1,9.8,2.8,21.2,16.2,8.9,-3.5,-15.3,-6.7
55,Kingston upon Thames,E05000412,St Mark's,7.8,8.5,20.6,21.1,6.7,-2.4,5,13,16.8,12.6,-0.6,-1.1,-6.7
118,Kingston upon Thames,E05000411,St James,5.3,3.7,4.4,10.5,8.1,9,-3.7,21.9,17.4,9.7,-8.1,-2.6,-6.6
89,Kingston upon Thames,E05000410,Old Malden,6.3,19.9,1.6,12.6,9,8.4,9,9.7,12.2,8.3,-7.5,-0.8,-6.6
392,Kingston upon Thames,E05000409,Norbiton,-2.8,-9.9,-5.5,8.3,1,1.1,2.6,-18,-7.5,-2.6,-1.2,5.1,-6.6
209,Kingston upon Thames,E05000408,Grove,2.3,8.9,9.1,11,9.1,-17.6,-6.6,-4.9,13.7,8.4,3.1,0.2,-6.6
45,Kingston upon Thames,E05000407,Coombe Vale,8.4,15.8,14.8,16.9,9.4,11.8,6.7,21.6,15.6,12,-10.3,-7.5,-6.6
87,Kingston upon Thames,E05000406,Coombe Hill,6.3,13,2.3,19.8,8.2,8.3,7,11.2,6.7,9.7,-9.2,5.7,-6.6
140,Kingston upon Thames,E05000405,Chessington South,4.4,11,-7.1,11.8,9,6.1,7,-4.1,9.8,3,-10.1,23.1,-6.7
223,Kingston upon Thames,E05000404,Chessington North and Hook,2.1,11.6,-8.1,9.2,7.5,5.3,6.2,-2.4,9.5,6,-9.8,-2.7,-6.7
38,Kingston upon Thames,E05000403,Canbury,8.5,10.5,16.2,17.9,9.9,5.6,11.4,14.7,15.3,12.1,2,-7.3,-6.6
151,Kingston upon Thames,E05000402,Beverley,4,1.2,6.5,6.6,6.7,-0.8,0.2,17.4,12.8,7.4,-6.7,2.7,-6.6
108,Kingston upon Thames,E05000401,Berrylands,5.8,0.6,21.4,11.1,8.3,9.8,6.6,1.3,17,11.9,-7.2,-4.4,-6.7
82,Kingston upon Thames,E05000400,Alexandra,6.6,18.4,4.3,18.6,9,7.2,6.5,9.9,20.1,11.6,-10.9,-8.5,-6.7
71,Kensington and Chelsea,E05000399,Stanley,7.1,11,0.2,12.8,8.9,4.8,11.4,2.4,-0.7,11.3,13.2,2.2,7.2
517,Kensington and Chelsea,E05000398,St Charles,-5.6,-12,-8.4,-18.1,-11.2,-12.3,6.5,-3,-13.9,-15.2,0,13.6,6.7
109,Kensington and Chelsea,E05000397,Royal Hospital,5.8,8.2,-5.5,9.9,9.6,-9.7,11.4,8.9,-12.6,11.7,8.9,21.9,7.2
41,Kensington and Chelsea,E05000396,Redcliffe,8.4,24.6,4.1,10.6,7,-12.7,11.4,4.5,3,13.4,17.1,13,5.2
9,Kensington and Chelsea,E05000395,Queen's Gate,11,33.1,-5.5,24.1,10.5,3.6,9,-0.7,13.6,16.4,16.2,6.4,5.2
25,Kensington and Chelsea,E05000394,Pembridge,9.5,14.1,-1.1,12.7,7,-35.7,8.4,49.4,16.7,13.6,22.8,-0.1,6.7
372,Kensington and Chelsea,E05000393,Notting Barns,-2.2,1.5,0.6,-18.4,-11.4,-8.5,-0.6,8,0.5,-15.7,2.8,8.4,6.7
182,Kensington and Chelsea,E05000392,Norland,3,16,-21.9,-5.7,0.4,-4.4,11.4,5.4,3.5,1.8,11.7,10.7,6.7
6,Kensington and Chelsea,E05000391,Holland,11.1,38.6,5.7,11.6,6.9,-3.2,11.4,24.8,-7.4,10.8,15.7,13.3,5.2
63,Kensington and Chelsea,E05000390,Hans Town,7.5,24.4,13.5,11.7,8.7,-20,11.4,-10.9,8,9.8,20,6.6,7.2
496,Kensington and Chelsea,E05000389,Golborne,-5.2,-3.8,-9.4,-26.7,-20.1,-12.4,6.4,-2.1,-6.8,-17.5,5,18.5,6.7
152,Kensington and Chelsea,E05000388,Earl's Court,3.9,5,-0.7,-3.5,0.5,-18.4,6.4,24.4,4.7,3.1,23,-2.3,5.2
233,Kensington and Chelsea,E05000387,Cremorne,1.7,16.2,-9.8,-20.4,1,-5.2,11.4,19.1,-11.2,-6.7,6.9,12.2,7.2
12,Kensington and Chelsea,E05000386,Courtfield,10.6,33,-5.5,16.4,7.2,-15.4,11.4,11.6,15,16.7,22.2,7.3,7.2
376,Kensington and Chelsea,E05000385,Colville,-2.3,7.9,-16.1,-14.7,-3,-37.3,11.4,7.8,-5.2,-5.3,11.4,9,6.7
2,Kensington and Chelsea,E05000384,Campden,13.7,31,-5.5,18.1,11.4,-5.8,11.4,30.4,18.9,16.4,21.8,11.7,5.2
7,Kensington and Chelsea,E05000383,Brompton,11.1,22,-5.5,21.2,10.6,1.9,11.4,17.5,6.3,13,21.6,5.6,7.2
30,Kensington and Chelsea,E05000382,Abingdon,9.1,20.6,-6.3,11,6.9,-2,9.1,35.4,-5.4,11.5,19.5,4.1,5.2
493,Islington,E05000381,Tollington,-5.1,1.8,-4.2,-16.4,-7.4,-14.1,-5.5,2.1,-1.4,-14.9,5.3,6,-12.7
564,Islington,E05000380,St Peter's,-7.3,-11.8,-5.7,-6.4,-1.2,-15.9,-3.3,-9.8,-14.1,-17.9,11.1,-5.1,-7.5
423,Islington,E05000379,St Mary's,-3.4,-0.9,-4.2,-5.7,-0.2,-30.9,3.7,-0.3,-9.8,-13.8,21.2,4.5,-4.7
446,Islington,E05000378,St George's,-3.8,1.7,-16.3,-11.7,-5.7,-10.8,6,8.8,-2.9,-8,5.5,0.4,-12.7
430,Islington,E05000377,Mildmay,-3.6,0.1,-5.3,-12.9,-5,-19.7,7.9,-2.7,-0.5,-19.2,16.4,-9.8,7.6
409,Islington,E05000376,Junction,-3.1,-11.7,6.7,-14.9,-4.3,-8.4,2.2,-0.5,-5,-9.4,15.7,5.3,-12.7
503,Islington,E05000375,Holloway,-5.3,-3.8,-10.5,-13.8,-4.2,-11.4,-1.9,1.4,-14.8,-17.5,15.5,1.4,-4.7
485,Islington,E05000374,Hillrise,-4.9,-4.1,-0.1,-14,-6.6,-8.9,0,0.1,-6.9,-14.3,3.1,5,-12.7
220,Islington,E05000373,Highbury West,2.1,-1.6,0,-1.4,-2.2,-1.7,5.5,9.5,6.8,-11.5,13.6,1,7.6
224,Islington,E05000372,Highbury East,2.1,5.4,8.7,0.4,2,-18.4,7.5,3.2,1.6,-1.6,6.3,2.6,7.6
556,Islington,E05000371,Finsbury Park,-7,-13.3,-13.7,-15.5,-12.5,-29.4,2.1,-1.8,-5.2,-20.6,20,-2.1,7.6
353,Islington,E05000370,Clerkenwell,-1.9,12.6,-6,-3,0.1,4.6,7.5,-3.3,-13.5,-16.3,22.3,-20.1,-7.5
487,Islington,E05000369,Canonbury,-5,6.8,-10.6,-12,-4,-16.9,5.8,-5,-21.8,-16,19.3,2.5,-7.5
567,Islington,E05000368,Caledonian,-7.5,-2.7,-12.2,-10.9,-2.7,-5,-10.8,-4.3,-13.7,-19.1,10.8,-14.3,-4.7
455,Islington,E05000367,Bunhill,-4.1,0.2,-7.9,2.9,-3.5,8.3,-13.4,-5.2,-4.9,-22.9,23.7,-18.8,-7.5
486,Islington,E05000366,Barnsbury,-4.9,-8.8,-7.4,-5.6,1,-20.9,5.9,-1,-9.2,-11.1,13.6,-11.3,-4.7
84,Hounslow,E05000365,Turnham Green,6.6,12.5,10.9,10.2,7.4,2.5,1.6,17.7,4.2,5.3,4.5,-2.3,4.2
276,Hounslow,E05000364,Syon,0.5,-13.2,-7.1,-3.7,3.1,-0.8,11.4,5.4,1.3,-3.1,-1,9.7,4.2
97,Hounslow,E05000363,Osterley and Spring Grove,6.1,9.1,8.6,13.2,6.6,5.1,2.7,18,4.7,8.9,-7.3,13,-8.9
361,Hounslow,E05000362,Isleworth,-2,0.2,-3.1,-8.1,1.8,-1.8,5.7,6.7,-2.9,-7,-9.9,2.1,-7.7
388,Hounslow,E05000361,Hounslow West,-2.7,-9.4,-9.2,0.5,1.4,-10.7,2.7,7.8,-2.8,1.2,0.8,-7.1,-7.7
165,Hounslow,E05000360,Hounslow South,3.7,19.3,-1.5,10.1,6.5,1,1.5,21.2,-0.6,10.4,-9.1,-7.1,-7.7
339,Hounslow,E05000359,Hounslow Heath,-1.5,9.4,-13,7.6,-1.5,-5.1,-3.9,3.5,-7.4,-1,-4,5.3,-7.7
261,Hounslow,E05000358,Hounslow Central,0.8,8.6,-2.6,5.9,3.7,-30,4.1,11.1,-0.6,5.8,9.6,2.2,-7.7
465,Hounslow,E05000357,Heston West,-4.4,2.6,-15.2,-2,-5.4,-6,-8.6,2.7,-2.1,-5.3,-10.3,5.9,-8.9
266,Hounslow,E05000356,Heston East,0.8,10.2,-8.7,7.4,2.2,0.4,0.4,7.9,2,-2.4,-10.4,9,-8.9
418,Hounslow,E05000355,Heston Central,-3.2,-1.5,-16.1,-1.5,1.7,-2.8,-1.5,1.8,-5.2,0.9,-6.3,0.6,-8.9
398,Hounslow,E05000354,Hanworth Park,-2.9,1.4,-12.6,2.9,4.1,0.4,-13.7,-9.3,-0.5,-0.9,-8.5,9.9,-7.8
531,Hounslow,E05000353,Hanworth,-6,4.7,-14.9,-7.1,-4,-7.1,-11,-6,-11.3,-9.6,-8.4,11,-7.8
488,Hounslow,E05000352,Feltham West,-5,6,-13,7.8,2.2,-6,-28,-6.2,-7.1,-1.7,-9.7,3.7,-7.8
406,Hounslow,E05000351,Feltham North,-3,-16.7,-16.8,3.5,1.9,3.7,3.6,0.5,-5.1,-4.3,-6.1,7.7,-7.8
431,Hounslow,E05000350,Cranford,-3.6,2.1,-13.5,-3,-2.7,-2.4,4.1,5.3,-4.8,-6.7,-9.7,-3.1,-8.9
107,Hounslow,E05000349,Chiswick Riverside,5.9,16.3,4.6,10.3,7.3,-10.3,7.4,10.7,13.7,7.6,-6.7,5.5,4.2
67,Hounslow,E05000348,Chiswick Homefields,7.2,8.5,-2.6,15,8.8,-4.3,-4.6,22.3,16.2,8.8,-1.1,15.3,4.2
294,Hounslow,E05000347,Brentford,0.1,6.8,-8.9,-2,3.4,0.7,-6.8,2.1,4.2,-7.3,-4,8.9,4.2
519,Hounslow,E05000346,Bedfont,-5.6,-6.6,-11.1,2.8,-1,3.2,-24.3,-3.3,-10.3,-6,-11.7,8.5,-7.8
566,Hillingdon,E05000345,Yiewsley,-7.4,1.1,-7.7,-4.5,0.2,-4.6,-24.3,-19.3,-11.6,-7.8,-8.8,-4.3,2.9
495,Hillingdon,E05000344,Yeading,-5.1,1.8,-8.7,-3.3,-2.2,-11.6,-0.1,1.7,-1.9,-4.1,-13.3,3.1,-23
110,Hillingdon,E05000343,West Ruislip,5.7,4,16.5,8.7,9.7,-2.1,11.4,1.1,15.5,10,-11.5,5.4,0.1
600,Hillingdon,E05000342,West Drayton,-9.5,-8.6,-9,-7.1,-0.3,-8.9,-21,-11.7,-16.1,-10.8,-9.7,-13.8,2.9
316,Hillingdon,E05000341,Uxbridge South,-0.7,-0.6,3.9,5.8,3.8,5.7,-4.1,4.3,1,-1.4,-9.1,-8.8,-9
222,Hillingdon,E05000340,Uxbridge North,2.1,7.6,2.2,8.4,6.8,-3.6,0.5,4.9,10.5,6.2,-10.2,1.2,-9
569,Hillingdon,E05000339,Townfield,-7.6,-6.3,-9.1,-5.6,-7.7,-18.6,-4.4,-3.4,-1.8,-9.3,-5.2,3.1,-23
150,Hillingdon,E05000338,South Ruislip,4,2.2,1.7,12.3,4.9,5.4,-4.8,3.8,11,5.7,-8.8,15,0.1
380,Hillingdon,E05000337,Pinkwell,-2.5,6.1,-8,2.7,-3.1,-4.4,-6.6,0,-4.5,-2.6,-7.7,-4.3,2.9
128,Hillingdon,E05000336,Northwood Hills,4.8,12.1,2.7,4.5,7.4,5.7,1.7,9.1,14.4,6.8,-12.4,5.5,0.1
69,Hillingdon,E05000335,Northwood,7.2,12.2,10.1,9.5,8,5,9.2,10,10.8,11.7,-11,10.4,0.1
77,Hillingdon,E05000334,Manor,6.8,10.4,10.3,15.3,9.3,3.2,7.5,12.9,18.5,8.5,-6.4,-8.3,0.1
28,Hillingdon,E05000333,Ickenham,9.2,17.7,6.5,15.8,10.9,8.2,-1.5,18.1,23.8,13.4,-12.2,9.6,0.1
249,Hillingdon,E05000332,Hillingdon East,1.1,-0.5,-1.1,6.1,2.4,-1.3,-0.6,8.3,12.3,3.2,-14.9,8.8,-9
387,Hillingdon,E05000331,Heathrow Villages,-2.7,-0.3,-11.7,10.2,4,4.5,-17.4,-3.2,-5.7,-2,-8.4,-5,2.9
458,Hillingdon,E05000330,Harefield,-4.2,-4.3,-3.6,-9.5,6.7,3.7,-42.8,-0.1,3.3,2.9,-16.7,10.4,0.1
32,Hillingdon,E05000329,Eastcote and East Ruislip,8.9,22.7,12.3,11.8,9.2,4.8,5.8,15.3,21.1,10.2,-14.9,7.9,0.1
298,Hillingdon,E05000328,Charville,0,1.6,-7.7,8.7,3.5,-0.1,4.3,4.8,5.7,2.5,-9.8,9.4,-23
91,Hillingdon,E05000327,Cavendish,6.3,10.7,4,14.4,8.3,9.2,3.7,15.3,19.8,10.6,-12,-8.8,0.1
370,Hillingdon,E05000326,Brunel,-2.2,-3.4,-2.8,3.6,5.6,0.2,-2.9,0.2,-5.7,0.3,-9.6,-2.4,-9
573,Hillingdon,E05000325,Botwell,-7.8,-12.9,-9.5,-4.3,-7,-0.4,-26.9,1.4,-2.8,-4.5,-5.2,2,-23
489,Hillingdon,E05000324,Barnhill,-5,-0.8,-16.2,-3,-2.8,-10.4,-0.3,7.7,-0.8,-3.7,-9.6,2.9,-23
72,Havering,E05000323,Upminster,7,6.4,11.8,13.8,10.6,4.3,-10,18.1,20,15.1,-13.2,3.7,3.7
210,Havering,E05000322,Squirrel's Heath,2.3,7.7,-0.8,7.5,3.8,2.4,-0.7,8.2,14.5,5.9,-8.4,-24.7,12.3
427,Havering,E05000321,South Hornchurch,-3.5,-3.8,-9.4,0.2,-6.1,-4,-14.6,-10.7,2.2,-2.1,-9.2,12.2,3.7
199,Havering,E05000320,St Andrew's,2.5,4.6,3,2.6,4.5,-0.3,-3.9,7.2,13.3,5.8,-4.2,-14.7,12.3
332,Havering,E05000319,Romford Town,-1.3,6.7,-3.3,2.3,0.2,-14.8,-1.9,-5.9,7.9,-1.5,3.1,-20.9,12.3
389,Havering,E05000318,Rainham and Wennington,-2.8,5.4,-10.3,-1.2,-0.1,-5.4,-11.9,-13.1,7.5,-0.8,-12.6,5.9,3.7
122,Havering,E05000317,Pettits,5.1,7.3,13.2,4.6,6.1,4.6,2.5,8.7,13.2,7,-11.2,2.2,2.8
267,Havering,E05000316,Mawneys,0.7,13.2,-1.7,-0.7,1.3,2.7,7.8,-3.4,0.5,-0.6,-9.3,-4.3,2.8
143,Havering,E05000315,Hylands,4.3,16,8.6,9.9,5.9,-1.3,-0.9,2.4,13.4,8.7,-12,-10.7,12.3
614,Havering,E05000314,Heaton,-11.1,-9.4,-13,-25.7,-11.3,-6.1,-26.1,-10.2,-8.8,-13.7,-11.9,-0.1,2.8
429,Havering,E05000313,Havering Park,-3.5,-8,-1,-9,-3.2,2,-2.7,-10.7,-10.3,-8.6,-12.1,18.3,2.8
263,Havering,E05000312,Harold Wood,0.8,2.4,2.6,-6.2,1.1,1.5,-4.3,8,5.6,3.1,-9.7,2.7,2.8
131,Havering,E05000311,Hacton,4.7,7.4,7.8,9.3,5.9,5.5,5.8,1.6,17,10.1,-10,-7.4,3.7
618,Havering,E05000310,Gooshays,-11.4,-9.2,-12.9,-29.6,-11,-10.5,-37.6,-13.6,-13.4,-12.1,-8.5,19,2.8
127,Havering,E05000309,Emerson Park,4.9,1.9,1.5,9.1,8.4,3.3,7.5,15.4,17.8,11.4,-13,-17,12.3
273,Havering,E05000308,Elm Park,0.5,4.8,-3.9,5.3,-0.1,1,5.9,-8.2,-1.5,-1.9,-8.3,9.6,3.7
58,Havering,E05000307,Cranham,7.7,20.2,4.2,13.1,7.5,9.5,4.1,6.9,15.3,10.5,-10.6,7.6,3.7
349,Havering,E05000306,Brooklands,-1.7,-8.5,-9.8,0.8,0.8,1.1,5.6,-8.4,2.4,-3.8,-6.3,-6.6,12.3
180,Harrow,E05000305,West Harrow,3,15.1,-1.7,7.1,3.3,8,7,10.4,10.9,4.3,-4.4,-10.7,-13
461,Harrow,E05000304,Wealdstone,-4.3,-0.6,-1.6,3.7,-4.5,-1.2,11.4,-3.8,-2.8,-2.2,-3.4,-32.7,-14
264,Harrow,E05000303,Stanmore Park,0.8,15.9,9.3,-4.2,6.3,2.7,-0.7,6.4,3.6,0.7,-12.1,-9.6,-8.9
272,Harrow,E05000302,Roxeth,0.6,8.5,-4.7,7.4,0.7,-5.8,7.5,5.4,10.1,4.7,-5.5,-8.5,-13
367,Harrow,E05000301,Roxbourne,-2.1,10.5,-6.5,-4.9,-0.6,1.1,0.8,5.2,4.9,-2.2,-5.3,-14.9,-13
133,Harrow,E05000300,Rayners Lane,4.7,14.8,6,10,6.4,5.2,5.3,20.6,10,10.2,-4.2,-15,-13
191,Harrow,E05000299,Queensbury,2.7,7,-4.5,6.2,5.9,5.3,11.4,14.1,14.5,3.8,-8.1,-14.6,-8.9
35,Harrow,E05000298,Pinner South,8.6,32.7,2.9,14.4,9.5,9.7,9.2,20.8,23.7,13.1,-11.5,-7.8,-13
241,Harrow,E05000297,Pinner,1.5,18.3,7.9,0.1,6.9,4.1,4.6,5.3,8.2,8.1,-13.8,-18.7,-13
320,Harrow,E05000296,Marlborough,-0.8,9.5,0.1,3.7,-3,-0.2,0.5,5.4,4.6,-1.7,0.5,-15.6,-14
195,Harrow,E05000295,Kenton West,2.6,12.4,-1.7,8.8,6.3,4.5,5.3,4.7,12.9,9.7,-6.1,-16.9,-8.9
239,Harrow,E05000294,Kenton East,1.5,13.5,-5.5,3.4,4.1,6,5.3,4.8,11.6,5,-8.8,-12.1,-8.9
178,Harrow,E05000293,Headstone South,3.2,12.1,-2,6.8,4.2,4.3,5.3,13,14.4,6.6,-4.7,-9.2,-13
93,Harrow,E05000292,Headstone North,6.2,23.6,-3.3,12.7,8.2,3.6,6.9,15,16.8,12.5,-7.6,-0.8,-13
208,Harrow,E05000291,Hatch End,2.4,15.2,-2.6,11.5,8.7,5.1,2.9,16.5,8.8,7.9,-10.8,-20.8,-14
329,Harrow,E05000290,Harrow Weald,-1.2,7.3,-1.2,3.8,1.2,0.4,-6.5,10.6,-3.1,-0.8,-7.1,-5.4,-14
221,Harrow,E05000289,Harrow on the Hill,2.1,10.8,-1.4,5.9,4.8,2.5,7.7,4.7,8.5,8.4,-4.5,-7.8,-14
390,Harrow,E05000288,Greenhill,-2.8,3.1,-1.9,-2.7,0,-8.7,2.4,-7.1,1.7,1.7,5.6,-13.3,-14
227,Harrow,E05000287,Edgware,1.9,15.4,-5.3,5.8,2.1,-1.9,11.4,8.8,10.5,4.8,-6.3,-13.5,-8.9
117,Harrow,E05000286,Canons,5.3,12.4,1.5,12.5,6.1,5.6,7.8,7.1,11.4,8.7,-7.9,7.5,-8.9
138,Harrow,E05000285,Belmont,4.5,19.3,4,12.3,6.8,4,11.4,15.8,15.4,9.7,-13,-22.4,-8.9
450,Haringey,E05000284,Woodside,-3.9,2.4,-5.7,-8.2,-11.3,-1.7,-2.4,-1.2,-17,-9.1,6.4,9.4,-8.2
619,Haringey,E05000283,White Hart Lane,-11.8,-4.6,-18.9,-19.3,-27.3,-9.1,-13.8,-4.2,-18.8,-16.7,-3.4,2.9,-8.2
515,Haringey,E05000282,West Green,-5.6,7.2,-14.1,-12.2,-19.6,-6.5,1.3,-5.5,-8.6,-13.2,2,13.7,-11.8
574,Haringey,E05000281,Tottenham Hale,-7.9,-0.1,-19.8,-8.9,-19,-11.6,5.7,-7.7,-11.9,-19.6,6.3,4.3,-11.8
602,Haringey,E05000280,Tottenham Green,-9.8,-9.9,-17.9,-15,-21.1,-21.6,8.4,-13.4,-15.4,-11.7,14.8,-2.5,-11.8
295,Haringey,E05000279,Stroud Green,0.1,0.3,1.3,1.5,-1.1,-8.6,1.8,13.1,-3.5,0,5.8,-0.2,-9.3
452,Haringey,E05000278,Seven Sisters,-4,4.6,-14.8,-7.7,-14.9,-6.6,5.7,-1.3,-9.6,-2.7,6.4,5.2,-11.8
507,Haringey,E05000277,St Ann's,-5.4,0.7,-5.7,-1.5,-17.9,-6.4,3.9,-2,-22.5,-9.3,1.1,3.7,-9.3
622,Haringey,E05000276,Northumberland Park,-12.9,-4,-22.1,-24.7,-46.1,-12.7,0.5,-8.6,-10.5,-20.2,2.6,-0.7,-8.2
615,Haringey,E05000275,Noel Park,-11.1,0.5,-21.4,-12.2,-19.3,-37,1.8,-10.4,-24.7,-14.1,16.4,-5,-8.2
49,Haringey,E05000274,Muswell Hill,8.1,16.6,20.5,13.5,6.4,-6.7,7.2,25.7,8.9,12.1,-3.8,5.8,-9.3
383,Haringey,E05000273,Hornsey,-2.5,7.2,2.7,-5.6,-9.7,-4.2,6,-2.4,-0.7,-6.2,-3,-5,-9.3
164,Haringey,E05000272,Highgate,3.7,18,3.2,11.7,5.5,-2.8,7.5,-4.1,-5.6,11.1,1.3,7.5,-9.3
448,Haringey,E05000271,Harringay,-3.8,6.3,-19.3,-0.8,-11.2,-26.5,8,0.6,-11.2,-4.5,11.2,10.6,-9.3
95,Haringey,E05000270,Fortis Green,6.2,6.8,16.3,9.3,5.8,-4.9,5.9,23,9.6,9.4,-4.7,7.1,-9.3
75,Haringey,E05000269,Crouch End,6.8,16,18.5,13.6,6,-6.2,11.4,14,10.6,13.3,-2.8,-3.4,-9.3
606,Haringey,E05000268,Bruce Grove,-10,-0.2,-17.6,-13.1,-28.3,-12.2,9.8,-9,-23.1,-13.9,5.1,-6.2,-11.8
402,Haringey,E05000267,Bounds Green,-2.9,1.1,-7.1,-4,-9.1,-12.7,8.1,-1.5,-9.2,-6.1,8.1,5.5,-8.2
46,Haringey,E05000266,Alexandra,8.3,10.8,17.4,15.3,5.2,-9.8,11.4,24.3,15.9,10,-3.7,12.3,-9.3
533,Hammersmith and Fulham,E05000265,Wormholt and White City,-6,7.1,-18.2,-14.1,-13.6,-9.7,6.3,-10.9,-7.2,-20.3,-3.8,2.8,9.6
277,Hammersmith and Fulham,E05000264,Town,0.5,14.3,-10.4,8.7,4.2,-7.3,11.4,-6.1,-7.3,0.1,6.1,-11.3,3.4
343,Hammersmith and Fulham,E05000263,Shepherd's Bush Green,-1.5,-5.6,-3.8,-9.9,-7.4,-26.7,7.7,6.8,2.2,-8.3,12.8,4.2,9.6
255,Hammersmith and Fulham,E05000262,Sands End,0.9,6.2,-14.9,6.2,3.1,1.2,9.6,5.2,-2.5,-6.5,-2.7,2.4,3.4
260,Hammersmith and Fulham,E05000261,Ravenscourt Park,0.8,-6.8,5.2,-3.9,5.9,-11.1,7.1,10.6,-0.9,-1.5,1.9,-6.2,9.6
201,Hammersmith and Fulham,E05000260,Parsons Green and Walham,2.5,9,-15.7,7.6,7.1,-12.1,7.1,6.5,-3.4,8.1,6.4,6,3.4
23,Hammersmith and Fulham,E05000259,Palace Riverside,9.7,14.8,17,13.8,10.3,-3.4,8.3,16,5,12.1,-0.3,19.8,3.4
310,Hammersmith and Fulham,E05000258,North End,-0.5,-2.9,-14.7,0.7,1.4,-2.9,5.7,11.5,-5.4,-10.6,10.4,-2.1,3.4
185,Hammersmith and Fulham,E05000257,Munster,2.9,7.8,1.4,7.5,7.4,-4.1,11.4,-4.9,6.3,7.8,-0.5,-8.7,3.4
407,Hammersmith and Fulham,E05000256,Hammersmith Broadway,-3,-9.3,-5.1,-10.3,-1,-8.2,5.7,-2.4,-7.2,-6.3,15.7,-11.3,3.4
252,Hammersmith and Fulham,E05000255,Fulham Reach,1,0.1,-10.8,1.2,4.3,-2.4,7.4,7.3,-1.1,-2.3,2.9,2,3.4
309,Hammersmith and Fulham,E05000254,Fulham Broadway,-0.4,-7.3,-3.5,1.1,1.5,-14.7,11.4,5.1,-2.2,-4.8,11.4,-6.6,3.4
421,Hammersmith and Fulham,E05000253,College Park and Old Oak,-3.3,-8.3,-7.8,-6.3,-8.3,5.1,-4.8,-12.9,-5.2,-18.4,8,9.3,9.6
146,Hammersmith and Fulham,E05000252,Avonmore and Brook Green,4.3,5.2,-8.9,2.5,2.2,5.5,9.5,18.8,0.4,4.4,16.2,-14.3,9.6
443,Hammersmith and Fulham,E05000251,Askew,-3.8,4.7,-8.8,-8.7,-4.1,-12.5,3.3,0.1,-14.5,-4.9,-1.3,-8.3,9.6
308,Hammersmith and Fulham,E05000250,Addison,-0.4,6.3,-9.5,-1.3,2.2,-17.2,9.4,-6.4,-1.1,-1.6,19.6,-14.6,9.6
611,Hackney,E05000249,Wick,-10.6,-14.1,-21.6,-22,-19.8,-16.9,-2,-14.2,-4.7,-22.1,1.2,17.2,-7.8
593,Hackney,E05000248,Victoria,-9.1,-6.9,-12.6,-14.4,-20.5,-23.8,-5.6,-7.3,-3.1,-14.1,6.5,0.1,-7.8
357,Hackney,E05000247,Stoke Newington Central,-1.9,5.1,-6.5,0,-8.9,-17.2,7.8,7.4,-0.7,-6.2,10.6,-2.9,-11.8
581,Hackney,E05000246,Springfield,-8.5,-1.1,-12.1,-23.2,-16.1,-2.8,0.4,-17.7,-5.7,-3.5,-3.8,-3.5,-12.6
550,Hackney,E05000245,Queensbridge,-6.7,-0.5,-11.6,-7,-21.8,-30.5,1.6,5.7,-3.5,-13.5,7.1,-3.2,-3.3
371,Hackney,E05000244,New River,-2.2,6.4,-14.6,-4.1,-8.3,0.2,2.9,-0.2,-6.6,3.7,9.1,-1.8,-12.6
397,Hackney,E05000243,Lordship,-2.8,0.6,-4.7,-11.1,-5.8,-4.9,-3.4,-0.2,7,2.3,-0.8,-1.1,-11.8
554,Hackney,E05000242,Leabridge,-6.9,-16.4,-8.8,-4.2,-18.5,-12.2,4.9,5.6,-6.1,-13.2,3.8,-5.5,-12.6
514,Hackney,E05000241,King's Park,-5.6,4.4,-18.3,-17.3,-24.2,-6.2,5.3,-3.8,1.9,-19.2,-6.6,24.9,-7.8
525,Hackney,E05000240,Hoxton,-5.7,-2.5,-16,-7.3,-11.8,-14.6,-1.6,-0.3,-4.4,-20,14.7,-1.3,-3.3
529,Hackney,E05000239,Haggerston,-5.9,-4.2,-19.5,-1.4,-15.6,-0.3,-8.9,-5.8,-4,-17.9,13.8,-4,-3.3
532,Hackney,E05000238,Hackney Downs,-6,-3.3,-12.6,-11.1,-18.1,-12.7,9.6,-8.9,-0.4,-13.3,12.3,-0.8,-12.6
542,Hackney,E05000237,Hackney Central,-6.3,-5.6,-14.8,-8.8,-16.9,-13.3,9.6,-10.3,-4.3,-15.7,21.2,-9.1,-7.8
597,Hackney,E05000236,De Beauvoir,-9.3,-11.3,-19.9,1.3,-11.6,-52.5,3.5,-0.4,-9.1,-15.5,7.9,-0.4,-3.3
585,Hackney,E05000235,Dalston,-8.7,-3.4,-12.1,-2,-19.1,-44.8,3.9,-4.8,-6,-17.6,15.6,-2.8,-11.8
299,Hackney,E05000234,Clissold,0,-1,0.3,-0.9,-0.6,-13.4,9.5,10.3,12.1,-1.6,-1,-2.1,-11.8
539,Hackney,E05000233,Chatham,-6.2,-3.2,-13.8,-8.4,-25.5,-13.6,6.3,-3.7,2.3,-18.7,14.1,-1.8,-7.8
282,Hackney,E05000232,Cazenove,0.4,18.2,-3.2,-1.2,-13.4,1.9,4.6,2.5,8.7,2.5,7,-9.7,-12.6
479,Hackney,E05000231,Brownswood,-4.8,-0.7,-23.2,-1.6,-2.2,-20.7,9.5,-8,-0.7,-11.9,16.8,-3.2,-11.8
561,Greenwich,E05000230,Woolwich Riverside,-7.2,-13.1,-15,-2,-15.7,-6.8,-6.1,-3.7,-17.3,-10.5,5.1,-11.4,10.2
500,Greenwich,E05000229,Woolwich Common,-5.3,-8.6,-8.9,-7.4,-24.1,-5.2,-15.9,4.8,-7.1,-6.7,1.6,4.2,10.2
480,Greenwich,E05000228,Thamesmead Moorings,-4.9,-17.4,-18.6,4.6,-12.3,-3,-13.9,4.8,-3.1,-4.6,-8.1,3.1,10.2
285,Greenwich,E05000227,Shooters Hill,0.4,7.5,-7.9,0.8,-1.8,2.3,-14,12.1,1.6,2.1,-9.6,10.8,0.8
553,Greenwich,E05000226,Plumstead,-6.8,-1.1,-16.4,0.6,-16.1,-4.9,-39,2.6,-12.4,-5.8,-1.5,2,10.2
259,Greenwich,E05000225,Peninsula,0.8,1.4,-0.7,5.6,2.6,-16.6,3,8.6,-10.2,2.3,5.4,5.2,3.4
551,Greenwich,E05000224,Middle Park and Sutcliffe,-6.7,2.7,-10,-14.6,-8.8,-6.3,-5.4,6.2,-21.7,-12.2,-10.8,-0.5,0.8
470,Greenwich,E05000223,Kidbrooke with Hornfair,-4.7,1.8,-10.4,-9,-5.2,-4.7,-7.7,10.2,-14.8,-8.5,-8.7,-2.3,3.4
312,Greenwich,E05000222,Greenwich West,-0.5,0.2,-13.6,3.1,-0.2,-11.8,0.9,5.4,-10.1,-3.7,5.9,14,3.4
570,Greenwich,E05000221,Glyndon,-7.7,-17.7,-10.4,-3.1,-14.7,-0.8,-23.7,-7.5,-19.4,-7.7,1.6,1.5,10.2
434,Greenwich,E05000220,Eltham West,-3.7,-8,-3.1,-4.1,-2.8,-2.5,1.3,4.1,-13.3,-6.9,-5.1,-4.6,0.8
290,Greenwich,E05000219,Eltham South,0.2,6.2,-12.6,2.7,0.4,-3,2.4,8.9,-3.1,-4.6,-3.1,7.7,0.8
99,Greenwich,E05000218,Eltham North,6.1,12.7,9.3,9.8,3.5,-2,9.6,16.5,11.2,9.1,-6.4,-1.3,0.8
302,Greenwich,E05000217,Coldharbour and New Eltham,0,1,-7.2,-0.5,1.1,1.3,1,5.7,7.5,1,-6.5,-5.8,0.8
472,Greenwich,E05000216,Charlton,-4.7,-12.4,-16.5,-12.8,-6.4,-1.1,-4.5,6.3,-9.9,-5.8,1.8,1.6,3.4
262,Greenwich,E05000215,Blackheath Westcombe,0.8,2.4,-8.4,0.5,5.5,-9,2.6,17,-3.7,5.9,-2.5,-3.9,3.4
504,Greenwich,E05000214,Abbey Wood,-5.4,-8.6,-20.8,-14.5,-10.7,-10.4,-8.8,5.7,-3,-10.3,-5.1,11.6,10.2
190,Enfield,E05000213,Winchmore Hill,2.7,4.7,-1.3,4.9,4,0.3,8,18.4,11.5,10,-5.9,-8.5,-13.6
621,Enfield,E05000212,Upper Edmonton,-12.8,-15.8,-18.8,-7.1,-19.7,-17.7,-11.6,-8.2,-26.7,-13.1,-2.7,-1.8,-10.8
620,Enfield,E05000211,Turkey Street,-12,-3.1,-16,-9.5,-13.1,-14,-6,-6.9,-26.9,-18.2,-9.2,0.3,-20.7
236,Enfield,E05000210,Town,1.7,13,-2.1,4.3,3.6,4.5,5.3,11.6,11.7,5.4,-8.7,-8.1,-20.7
230,Enfield,E05000209,Southgate Green,1.8,8.7,-6.4,4.4,2.4,-1.3,6.5,15.1,5.8,4.7,0.8,-5,-13.6
189,Enfield,E05000208,Southgate,2.7,6.8,5.1,5.3,2.8,0.5,8.2,15,8.5,3.4,-4.5,-5.1,-13.6
545,Enfield,E05000207,Southbury,-6.5,8.5,-8,-6.7,-8.2,-8.9,-7.3,-5.6,-12.2,-10.4,-5.1,6.5,-20.7
580,Enfield,E05000206,Ponders End,-8.4,-2.6,-21.8,-3.3,-23.5,-5.2,-5.5,-8.8,-14.3,-12.4,-3.2,10.1,-10.8
359,Enfield,E05000205,Palmers Green,-2,10.2,-9.2,1,-1,-7.8,-2,9.8,1.7,2.6,-8.9,-6.5,-13.6
604,Enfield,E05000204,Lower Edmonton,-9.9,0.4,-20.7,-7.8,-17.9,-0.7,-2.5,-8.7,-31.4,-18.4,-3.9,3.8,-10.8
534,Enfield,E05000203,Jubilee,-6,-1.7,-10,-4.7,-11.7,-4,-2.9,-6.9,-12.7,-11.9,-9.3,14.5,-10.8
205,Enfield,E05000202,Highlands,2.4,17.1,0.5,-6.5,6.3,6.3,6.2,9.2,5.6,4.2,-7.6,1,-13.6
587,Enfield,E05000201,Haselbury,-8.8,5.6,-14,-8,-16,-6,0.2,-7,-30.5,-14.3,-5.3,0.3,-10.8
149,Enfield,E05000200,Grange,4.1,18.3,11.6,10.1,5.2,-1.8,-0.9,22.6,7.2,9.8,-4.7,-7.7,-20.7
616,Enfield,E05000199,Enfield Lock,-11.2,-7.9,-17.8,-4,-16.4,-4.3,-1,-4.6,-33.7,-21.2,-8.5,6.3,-20.7
579,Enfield,E05000198,Enfield Highway,-8.4,8.6,-11.7,-4.2,-14.2,-4.4,-11.2,-2.1,-16.5,-16.9,-8.9,1.8,-20.7
625,Enfield,E05000197,Edmonton Green,-13.8,3.9,-23.6,-15.9,-42.1,-14.1,-12.7,-8.1,-29.8,-18.3,1.2,4.6,-10.8
163,Enfield,E05000196,Cockfosters,3.7,15.8,-2.4,2.5,3.6,4.8,-0.1,12.6,7,5.5,-8.3,16.8,-13.6
511,Enfield,E05000195,Chase,-5.5,-6.8,-7.8,-10.1,-3.7,0,-10.1,-2.5,-8.2,-5.5,-13,22.7,-20.7
242,Enfield,E05000194,Bush Hill Park,1.5,8.5,-8.3,4.3,3.8,-1.3,1.6,16.6,6.5,6.2,-7.4,0.8,-13.6
351,Enfield,E05000193,Bowes,-1.8,14,-2.3,1,-4.4,-2.9,8.2,0.6,-1.5,-5,0.8,-16.1,-13.6
65,Ealing,E05000192,Walpole,7.4,3.7,6.9,9.8,4.6,-4.1,11.4,17.1,18.8,8.7,0.3,-3.3,15.3
137,Ealing,E05000191,Southfield,4.5,8.7,5.7,13.1,6.2,-5.5,4.5,6.3,3.2,6.4,-5,7.3,3.3
441,Ealing,E05000190,Southall Green,-3.7,-4.7,-10.6,-8.8,-15.6,-10,-7.2,-0.8,-0.2,-3.3,-5.3,0.9,20.7
454,Ealing,E05000189,Southall Broadway,-4,-0.4,-9,-9.2,-9.1,-17.7,-12,-2.1,-0.8,-1.2,-3.8,-3.6,20.7
335,Ealing,E05000188,South Acton,-1.4,-8.3,-16.4,2.8,-6,-7.9,8.4,1.2,4.2,-8.8,5.7,5,3.3
202,Ealing,E05000187,Perivale,2.4,12,-9.4,3,0.9,-5,9.9,8.3,7.5,3.9,-10.5,8,0.5
432,Ealing,E05000186,Norwood Green,-3.6,-6.2,-6.9,-22.7,-14.7,-1.7,-6.5,-2.8,-1.2,-9.6,-10.4,18.4,20.7
424,Ealing,E05000185,Northolt West End,-3.4,-2.8,-1.9,-11.8,-11.9,-10.8,0.7,2.4,1.3,-10.4,-8.8,12.3,0.5
323,Ealing,E05000184,Northolt Mandeville,-1,7.9,-9.5,-1.3,-6.5,-2.7,-6.7,-0.9,1.9,-6.7,-4.2,16.7,0.5
170,Ealing,E05000183,North Greenford,3.5,14.4,-9.8,10.1,4.1,-1.9,-2.6,9.6,4.8,6.7,-8.5,15.3,0.5
8,Ealing,E05000182,Northfield,11,12.8,11,15.3,8,2.5,4.6,23.9,23,12.3,-2.9,6.5,15.3
193,Ealing,E05000181,Lady Margaret,2.6,-0.6,-4.3,2.4,-3.9,0.4,-3.4,9.2,8.4,-0.2,-5.3,8.3,20.7
215,Ealing,E05000180,Hobbayne,2.2,2.3,-3.7,-3.8,-1.1,-0.3,3.3,7.2,6.1,-3,-4.8,9,15.3
105,Ealing,E05000179,Hanger Hill,5.9,17.5,3.5,14.4,5.9,-0.2,8.4,15.9,3.1,8.3,-0.8,-8.6,3.3
156,Ealing,E05000178,Greenford Green,3.9,7.8,-7.6,7.8,1.8,-2.3,8.2,15.6,11.5,4.7,-8.3,6.7,0.5
410,Ealing,E05000177,Greenford Broadway,-3.1,-4,-9.4,-3.4,-6.4,-11.3,2.2,-3.4,3.2,-6.7,-2.7,4.3,0.5
258,Ealing,E05000176,Elthorne,0.9,0.3,-5.9,-2.5,-1.5,-7.6,8.2,-1.9,3.9,-1,0.3,2.6,15.3
326,Ealing,E05000175,East Acton,-1.1,5.8,-9.2,8.4,-7.3,-1.6,4.2,-6.7,-5,-10.9,1.4,3.9,3.3
211,Ealing,E05000174,Ealing Common,2.3,-1.2,-1.3,5.5,1.6,-9.4,6.5,-0.6,1.2,2.3,-1.4,8.8,15.3
115,Ealing,E05000173,Ealing Broadway,5.4,2,8.5,8,5,-14.5,8.3,16.6,8.3,9,9,-11.3,15.3
284,Ealing,E05000172,Dormers Wells,0.4,-2.1,-10.6,-7.3,-11,-1.8,6.4,-4.9,11,-4.8,-3.1,12.3,20.7
172,Ealing,E05000171,Cleveland,3.5,8.6,0.4,-0.5,-1.8,0.9,6.7,6,8.3,-2.7,-5.3,6.2,15.3
291,Ealing,E05000170,Acton Central,0.2,7,0.1,2.9,-5,-17.8,9.9,0.4,3,-4.7,-4.6,8.2,3.3
476,Croydon,E05000169,Woodside,-4.7,3.6,-8.6,2.3,-9.2,-11.5,-0.9,-0.9,-5.7,-8.6,-0.5,0.3,-17.3
541,Croydon,E05000168,West Thornton,-6.2,-0.1,-17.4,-1,-7.6,-12.9,-6.8,0.5,-8.2,-2.4,-4.6,-7.3,-6.4
433,Croydon,E05000167,Waddon,-3.7,-12.8,-3.2,-2.5,-3.8,-4,-8.5,4.2,-10.8,-6.5,-1,9.2,-4
474,Croydon,E05000166,Upper Norwood,-4.7,-2.9,-11.5,1.1,-8.2,-7,4.3,-4,-5.4,-1,-5.9,1,-17.3
558,Croydon,E05000165,Thornton Heath,-7.1,-2.9,-13.9,-2.7,-17.9,-9.6,4.5,-0.8,-9.3,-5.1,-3.6,-16.9,-6.4
549,Croydon,E05000164,South Norwood,-6.6,-2,-8.7,-2.8,-12.6,-11.9,-13.4,4.8,-5.7,-6.3,0.7,-4.6,-17.3
250,Croydon,E05000163,Shirley,1.1,14.6,0.5,9.9,1.4,2.3,5,1.5,4.1,-0.2,-12.9,-11.8,-1
54,Croydon,E05000162,Selsdon and Ballards,7.8,23.8,1.8,14.6,7,7.6,9.4,9.7,12.1,10.8,-12.8,10.8,-1
592,Croydon,E05000161,Selhurst,-9,-17.5,-11.2,-5.6,-13.5,-11.8,3.8,-7.5,-15.7,-7.6,3.4,-18.3,-6.4
56,Croydon,E05000160,Sanderstead,7.7,17,6.2,10.6,7,9.2,7.8,10.6,8.9,12.1,-15.1,4.8,13.4
160,Croydon,E05000159,Purley,3.8,9.8,1.6,2.9,2.6,-4,3.7,21.7,5.2,7.4,-6.6,-12.6,13.4
337,Croydon,E05000158,Norbury,-1.4,2.4,-14.7,9.7,-3.7,-7.3,5.9,1.3,-1.2,2.6,-4.9,-0.9,-6.4
609,Croydon,E05000157,New Addington,-10.3,-10,-15.7,-9.6,-8.3,-4.7,-15.7,-15.2,-30.2,-13.1,-7.7,8.1,-1
148,Croydon,E05000156,Kenley,4.1,2.7,7.3,11.1,3.7,4.8,6.9,3.3,0.7,7.9,-13.3,0.9,13.4
225,Croydon,E05000155,Heathfield,2.1,12.6,8.9,10.8,3.2,-8.9,2.8,0.2,-6.6,1.6,-10.9,12.6,-1
624,Croydon,E05000154,Fieldway,-13.8,-4.1,-15.2,-3.6,-15.2,-5.4,-45.7,-10.5,-24.2,-18.9,-6.1,-15.9,-1
374,Croydon,E05000153,Fairfield,-2.2,-0.9,-8.2,8.6,3.2,-17.1,-1.8,6.2,-13.2,2.3,13.6,-15.4,-4
304,Croydon,E05000152,Croham,-0.1,1.6,-1.6,4.1,1.8,-5,5.6,1.8,-3.8,5.2,-3.4,-3.2,-4
103,Croydon,E05000151,Coulsdon West,5.9,2.9,1.9,8.3,7.2,1.5,8,21,12,11.2,-9,-7.5,13.4
74,Croydon,E05000150,Coulsdon East,6.9,17.2,8.5,9.3,3.9,6.9,2.2,7.9,4.6,7.3,-13.6,15.7,13.4
603,Croydon,E05000149,Broad Green,-9.9,-3.5,-16.5,-0.6,-9.6,-23.2,-21.9,-10.5,-13.4,-5.4,6.6,-16.4,-4
459,Croydon,E05000148,Bensham Manor,-4.2,8.7,-8.1,1.3,-9.8,-9.9,4.3,-0.2,-6.9,-4.3,-3.6,-15.2,-6.4
356,Croydon,E05000147,Ashburton,-1.9,7,-12.9,4.5,-0.8,-1.7,-4,1,0.8,-0.9,-6.4,7.6,-17.3
399,Croydon,E05000146,Addiscombe,-2.9,-2.3,-0.1,1.2,0.5,-6,6.1,3.5,-8.5,-1.2,6.1,-29.9,-4
257,Camden,E05000145,West Hampstead,0.9,10.2,-0.1,-7.4,2.1,-11.3,-1.7,9.1,1.7,-8.7,16.2,1.2,-1
157,Camden,E05000144,Swiss Cottage,3.8,15.9,-6.3,3.3,6.4,-6.2,0.8,8.5,5.6,2.8,17.1,-1,-1
463,Camden,E05000143,St Pancras and Somers Town,-4.4,-6.6,-8.4,-18,-14,2.4,3.7,-9.7,5.7,-25.9,23.5,1.9,-7
318,Camden,E05000142,Regent's Park,-0.7,-1.6,-16.9,-8.7,-3.8,4.8,-1.6,0.5,7.3,-13.3,21.7,9.9,-7
286,Camden,E05000141,King's Cross,0.4,12.3,-9.4,-4.8,-7,-0.5,5.7,-7.6,3.7,-6.1,28.6,-3.3,-7
555,Camden,E05000140,Kilburn,-7,-11,-11.6,-21.4,-7.9,-20.4,2,-3.4,9.1,-22.3,12.6,-7.9,-1
344,Camden,E05000139,Kentish Town,-1.5,-10.9,-9.1,-10.3,-1.7,-3.7,3,1.3,7.9,-10.7,13.4,-1.3,3.5
306,Camden,E05000138,Holborn and Covent Garden,-0.3,14.9,-0.5,-13.3,-2.9,6.6,2.8,-7,0.3,-12.7,29.5,-13.9,-7
228,Camden,E05000137,Highgate,1.9,18,8.1,-9.7,0.7,-2.9,7.2,-24.3,4.2,-2.3,1.1,23.3,-1
527,Camden,E05000136,Haverstock,-5.8,2.8,-19.8,-14.1,-7.4,-10.4,5.9,-5.3,1.3,-21.9,7,-10.9,3.5
29,Camden,E05000135,Hampstead Town,9.1,28.1,17.5,8.2,10.6,3.1,3.2,11.6,-0.8,14.3,1.7,13,-1
379,Camden,E05000134,Gospel Oak,-2.4,9.9,-8.8,-23.8,-3.3,-2.1,11.4,-6.9,2.8,-10.9,2.3,-2.8,3.5
59,Camden,E05000133,Frognal and Fitzjohns,7.7,24.3,12.1,16.4,10.2,0.9,11.4,-2,8.2,14,7.6,-10.2,-1
217,Camden,E05000132,Fortune Green,2.2,19,-2.6,-2.7,0.7,-6.3,9.4,3.1,1.2,-3.3,7,1.7,-1
395,Camden,E05000131,Cantelowes,-2.8,3.2,-1.7,-15.9,-3.4,-16,-5.5,3.2,5.6,-11.1,7.8,-3,3.5
368,Camden,E05000130,Camden Town with Primrose Hill,-2.1,15.6,5.7,-11.1,-0.9,-44.7,0.7,-8.8,9,-9.1,12,3.1,3.5
175,Camden,E05000129,Bloomsbury,3.4,13.2,-6.3,8.5,2.8,1.6,1.3,-17.2,4.4,8.1,30.1,1.3,-7
186,Camden,E05000128,Belsize,2.8,23.2,-2.9,6.3,5.7,-1.8,-3.1,1.8,4.8,1.3,2.9,-7.7,3.5
3,Bromley,E05000127,West Wickham,11.6,15.1,12.5,17.5,8.6,9.4,8.3,19.5,23.6,15.6,-11.5,-2.7,23
10,Bromley,E05000126,Shortlands,10.8,26.6,13.1,14.9,10.4,5.4,11.4,26.2,23.8,14.8,-7.5,-9.2,-0.9
198,Bromley,E05000125,Plaistow and Sundridge,2.5,-5.1,7.1,-0.4,1.7,-0.7,5.4,14,3.6,2.5,-6,0.5,7.9
16,Bromley,E05000124,Petts Wood and Knoll,10.2,21.6,15.8,17.3,9.2,6.2,8,27.3,12.6,15,-6.9,-0.6,-3.3
396,Bromley,E05000123,Penge and Cator,-2.8,5.8,-5.5,-5.3,-6.8,-11.6,-12,0,-1,-4.8,2.7,6,-0.9
307,Bromley,E05000122,Orpington,-0.3,13.5,-0.4,5.6,1.1,-5.8,-13.7,11.2,3.4,0,-6.6,-8.1,-3.3
557,Bromley,E05000121,Mottingham and Chislehurst North,-7,-2.4,-7.5,-7.6,-5.9,-19.8,-20.2,0.8,-18.1,-10.7,-9,8.1,7.9
73,Bromley,E05000120,Kelsey and Eden Park,7,19,4.5,10.2,6.7,-3.6,1.4,15.1,20.6,11.7,-7.6,6.8,-0.9
15,Bromley,E05000119,Hayes and Coney Hall,10.5,13.9,13.9,17.5,8.1,6.7,-7.1,14.6,11.4,13.9,-10.2,20.2,23
64,Bromley,E05000118,Farnborough and Crofton,7.4,19.5,10.6,13.4,8.4,8,2.1,11.8,10.7,11.9,-9.1,5.4,-3.3
141,Bromley,E05000117,Darwin,4.4,7.2,5.2,12.5,10.4,5.3,-19.3,5.9,-2.1,11.1,-17.5,10.6,23
457,Bromley,E05000116,Crystal Palace,-4.2,-7.3,-13.4,-9.3,-8.3,-18.5,0.5,1,-7.6,-8.7,5.6,17,-0.9
473,Bromley,E05000115,Cray Valley West,-4.7,2,-1,-6.9,-5.1,-2.5,-8.9,-0.8,-7.3,-10.8,-10.6,-1.1,-3.3
563,Bromley,E05000114,Cray Valley East,-7.3,1.5,-8.7,0,-2.2,-8.2,-44.3,0.7,-16.5,-11.3,-11.8,17,-3.3
145,Bromley,E05000113,Copers Cope,4.3,4.4,12.4,14.7,6.3,-6.3,9.9,13.1,5.1,3.7,-3.6,-7.3,-0.9
144,Bromley,E05000112,Clock House,4.3,7.5,2.1,9.6,4,-1.5,7,6.7,11.6,8.5,1.3,-4.3,-0.9
66,Bromley,E05000111,Chislehurst,7.3,4.9,10.1,15.6,6.8,-2.2,3.8,19.4,11.8,10.8,-11.7,10,7.9
43,Bromley,E05000110,Chelsfield and Pratts Bottom,8.4,19.3,7.9,13.8,9.1,7.2,5.1,16.7,10,12.3,-12.3,14.8,-3.3
78,Bromley,E05000109,Bromley Town,6.7,2.1,12,10.7,5.1,-5.1,2.3,25.2,13.6,8.2,0.3,-1.8,7.9
68,Bromley,E05000108,Bromley Common and Keston,7.2,10.2,5,4.3,3.9,2.5,7,11.7,8.5,3,-10.4,17.5,23
123,Bromley,E05000107,Biggin Hill,5.1,15.7,6.1,13.3,7.3,-0.7,-4.5,4.9,4.2,7.6,-14,-2.1,23
61,Bromley,E05000106,Bickley,7.6,2.6,14.5,13.5,8.9,6.6,3.9,28.3,14.9,13.3,-10,-12.4,7.9
477,Brent,E05000105,Willesden Green,-4.8,-2.7,-11.2,-3.8,-10.7,-16.4,2.6,-8.4,-4.4,-7.2,6.1,-0.3,-0.9
301,Brent,E05000104,Wembley Central,0,10.5,-4,4.1,-3.2,-16.3,8.4,9.7,4.1,1,8.3,-9.8,-13.1
415,Brent,E05000103,Welsh Harp,-3.2,8.1,-16.2,-0.9,-6.9,-4.7,1.4,-3.3,-4.4,-3.9,-7.3,12.6,-12.9
384,Brent,E05000102,Tokyngton,-2.6,-0.2,-12.6,7.3,0.7,-3.2,0.5,-2.3,-1,4.5,-2.2,-9.2,-13.1
305,Brent,E05000101,Sudbury,-0.1,1.8,-12.8,0.5,-2.2,0.9,3.7,8.7,3.7,3.9,-3.4,6.5,-13.1
617,Brent,E05000100,Stonebridge,-11.3,-7.7,-14.4,-9.9,-25.4,-3.8,-2,-8.9,-10.5,-18.5,-4.2,-17.8,-12.9
237,Brent,E05000099,Queensbury,1.6,5,-3.3,10,2.5,-4.4,4.2,12.6,9.8,3,-5.6,-1.1,-13.1
232,Brent,E05000098,Queens Park,1.8,12.2,-1.6,4.7,-4.8,-8.4,3.9,3.9,7,3.7,9,-7.4,-0.9
317,Brent,E05000097,Preston,-0.7,7.2,-8.4,2.9,0.7,-0.1,1,2.7,0.5,0.2,-2.6,0.4,-13.1
176,Brent,E05000096,Northwick Park,3.2,7.4,-3.8,8.6,6,3.8,7.8,12.6,10.7,8.3,-7.8,-1.6,-13.1
382,Brent,E05000095,Mapesbury,-2.5,1.9,-3.9,3,-6.7,-11.3,5.5,-0.1,-4.1,-3.8,4.9,-15,-0.9
538,Brent,E05000094,Kilburn,-6.1,9,-17.8,-11.1,-23.5,-12.9,8.7,-9.2,1.9,-9.9,12.3,-19.8,-0.9
129,Brent,E05000093,Kenton,4.8,27.8,-0.9,6.1,7.7,0,5.8,15.4,8,11.3,-7.4,-3.3,-13.1
498,Brent,E05000092,Kensal Green,-5.2,14.3,-13.7,0.3,-23.3,-16.6,2.2,-2.9,-1.2,-6.1,2.4,-5.4,-12.9
623,Brent,E05000091,Harlesden,-13.5,-2.4,-17.7,-9.3,-54.7,-18.1,6,-10.2,-9.7,-12.6,0.5,-20.7,-12.9
177,Brent,E05000090,Fryent,3.2,6.2,2.4,7.1,-0.6,-0.7,9.7,6.7,9,5.1,-6.6,13.1,-12.9
456,Brent,E05000089,Dudden Hill,-4.1,15.9,-10.5,1.4,-11.9,-11.8,-2,-3.9,2.9,-8,-2.4,-5.9,-12.9
321,Brent,E05000088,Dollis Hill,-0.9,19.8,-6.4,-4.6,-8.8,0.7,9.7,-2.5,-3.2,-7.6,-6.5,0.1,-0.9
341,Brent,E05000087,Brondesbury Park,-1.5,13.2,-4.3,-0.1,-0.9,-9.1,0.9,1.2,1.4,2.1,-0.1,-21.6,-0.9
403,Brent,E05000086,Barnhill,-2.9,-7.3,-15.3,-6.1,-4.9,-4.1,8.5,5.8,1.6,-5,-5.5,10,-12.9
328,Brent,E05000085,Alperton,-1.2,6.5,1.7,5,1.5,-1.4,5.1,-2.9,-2.2,3.1,-5.8,-11.7,-13.1
416,Bexley,E05000084,Thamesmead East,-3.2,-4.9,-14.1,5,-12.9,0.4,-22.3,-0.9,4.4,-6.9,-8.6,14.6,7.6
52,Bexley,E05000083,Sidcup,7.8,2.5,0.8,14.5,9.3,7.5,9.3,18,12.8,9.7,-4,5.6,8.3
167,Bexley,E05000082,St Michael's,3.6,7.6,-8.1,11.5,4.8,8,5.2,11.3,11.3,6.5,-11.5,-12.6,8.6
26,Bexley,E05000081,St Mary's,9.3,17.1,9.2,11.9,9.3,7.4,7,10.3,17.3,12.5,-8.2,8.9,8.3
281,Bexley,E05000080,Northumberland Heath,0.4,7.8,-8.5,4.4,4.8,1.3,0.6,1.1,5.8,0.7,-11.7,-8.7,7.6
571,Bexley,E05000079,North End,-7.7,-10.5,-11.4,-2.3,-10.3,-5.7,-45.4,-3.4,-8.9,-15.1,-8.5,21.8,7.6
111,Bexley,E05000078,Longlands,5.7,3.3,2,8,7,8.4,4.8,10.6,10.4,9.4,-8,4.1,8.3
246,Bexley,E05000077,Lesnes Abbey,1.4,8.2,-7.4,2.6,-0.5,-4.1,-4.7,7.9,7.8,-1.1,-7.1,7.1,7.6
121,Bexley,E05000076,Falconwood and Welling,5.1,9.6,-7.3,17.7,6.4,0,11.4,20.7,8.3,9.7,-9.9,-13.9,8.6
425,Bexley,E05000075,Erith,-3.4,3.9,-16.3,0.9,-3.9,-3,-23.9,1,-2.4,-6.7,-8.7,10.2,7.6
196,Bexley,E05000074,East Wickham,2.6,9,-8.5,5.5,2.7,1.8,9.3,10,5.1,0.4,-9.4,-3.5,8.6
132,Bexley,E05000073,Danson Park,4.7,5.2,-5.2,10.2,5.9,-0.3,7.2,13.8,4.2,4.3,-6,8.7,8.6
265,Bexley,E05000072,Cray Meadows,0.8,3.7,-13,-5.9,3.2,6.4,1.2,3.7,2.9,-6.4,-10.4,15.6,8.3
322,Bexley,E05000071,Crayford,-0.9,3.7,-2,2.2,0.8,4.5,-4.4,0.1,-3.8,-4.1,-12.3,-4.3,8.3
436,Bexley,E05000070,Colyers,-3.7,2.6,-14.4,0.8,-3.4,3.3,-0.9,-9.5,2.9,-3.7,-12.3,-17.6,7.6
158,Bexley,E05000069,Christchurch,3.8,2.6,7.8,6.2,5.6,-5.1,-3,16.7,7.8,5.1,-2.5,-4.2,8.6
88,Bexley,E05000068,Brampton,6.3,17.9,-2,6.4,8.3,6.9,2.7,19.2,17.7,10.9,-7.9,-12.5,8.6
62,Bexley,E05000067,Blendon and Penhill,7.5,14.7,2.8,15.2,8.2,6,9.3,13.2,11.8,11.9,-12.2,1.6,8.3
83,Bexley,E05000066,Blackfen and Lamorbey,6.6,19.4,-0.8,13.8,9.2,8.1,9.2,13.2,9.2,9.3,-12.3,-7.4,8.3
401,Bexley,E05000065,Belvedere,-2.9,6.7,-15.6,-1.2,-2.8,-3,-17,-2.8,2.3,-8.5,-7.3,6.6,7.6
171,Bexley,E05000064,Barnehurst,3.5,6.7,-8.5,11.3,5.2,3.8,2.6,6.4,9.2,4.3,-4.6,-2.6,8.6
278,Barnet,E05000063,Woodhouse,0.5,9,-1.6,-0.6,1.6,-4.3,5,19.9,9.1,4.7,-6.4,-16.9,-13.7
240,Barnet,E05000062,West Hendon,1.5,10.3,2,3.6,-0.2,-10.9,-1.1,20.1,5.4,3.3,-1.6,-0.3,-12.4
174,Barnet,E05000061,West Finchley,3.5,8.5,5.7,7.6,5.4,1.1,4.6,25.7,10.6,10.8,-1,-23.6,-13.7
358,Barnet,E05000060,Underhill,-1.9,-0.2,2.5,-8.5,-0.3,1.7,-12.1,10.4,-0.3,-2.7,-8.4,6.7,-12
51,Barnet,E05000059,Totteridge,7.9,15.5,5.6,11.7,7.9,7.7,9.9,22.1,12.6,10.3,-8.8,11.8,-12
179,Barnet,E05000058,Oakleigh,3.1,7.3,8.4,6.3,4.8,1.8,1.4,19.1,9.8,5.9,-3.7,-11.5,-12
203,Barnet,E05000057,Mill Hill,2.4,18.6,-0.1,9.7,4,-1,3,9.1,-1.7,6.9,-10.7,5.4,-14.3
104,Barnet,E05000056,High Barnet,5.9,9.3,9.1,3.1,7.2,0,5.6,23.4,16.1,11.6,-7.9,5.5,-12
251,Barnet,E05000055,Hendon,1.1,5,1.1,7.8,1.4,-2.3,5.3,13.1,3.3,9.1,-7.8,-10.8,-12.4
279,Barnet,E05000054,Hale,0.4,11.6,-6,4.2,3.5,0.7,6.2,6.2,5.1,4.4,-8.5,-7.6,-14.3
248,Barnet,E05000053,Golders Green,1.1,2.7,5,8.4,1.5,-1.6,4,9.5,3.4,9,-2.7,-13.1,-12.4
27,Barnet,E05000052,Garden Suburb,9.2,26.9,11.2,18.4,9.5,2.7,10,25.4,10.8,13.9,-7.6,2.1,-12.4
101,Barnet,E05000051,Finchley Church End,6,23.6,11.6,10.9,5.8,5.7,7.1,25.1,9.7,11.9,-6.3,-19.6,-13.7
244,Barnet,E05000050,Edgware,1.5,20.1,-2,7.7,2.7,-1.2,-8.7,15.8,3,5.5,-5.5,-5.5,-14.3
204,Barnet,E05000049,East Finchley,2.4,11.3,5.5,1.7,3.3,3.5,5.8,13.5,8.9,2.2,-8.2,-5.1,-13.7
181,Barnet,E05000048,East Barnet,3,9.4,-3.9,4.5,3.2,2.5,7.2,7.9,16,2,-7.2,6.3,-12
336,Barnet,E05000047,Coppetts,-1.4,-2.1,-0.1,1.9,1.2,-12.9,1,11.1,5.7,0.1,-6.2,-3,-13.7
366,Barnet,E05000046,Colindale,-2.1,12.8,-12,8.2,1.4,3.1,6.1,-2.6,-7.1,-2,-9.1,-9.3,-14.3
271,Barnet,E05000045,Childs Hill,0.6,0.3,-2.1,8.7,-3.1,-10.3,8,12.9,-0.5,1.4,5.4,-1.5,-12.4
521,Barnet,E05000044,Burnt Oak,-5.7,-9.8,-10.7,-3.5,-4.8,-3,-3.2,1.9,-2.4,-6,-1.4,-10.9,-14.3
169,Barnet,E05000043,Brunswick Park,3.6,11,7.5,2.9,3.8,2.8,4.6,14.6,7.9,6.4,-6.3,1.2,-13.7
449,Barking and Dagenham,E05000042,Whalebone,-3.9,10.6,-11,2.9,-4.8,-8.2,-1.3,2.5,-0.9,-2.9,-6.2,-22.3,-4.8
610,Barking and Dagenham,E05000041,Village,-10.5,-11.4,-17.4,-12,-20,-13.4,-11.8,-14.5,-10.4,-13.8,-7.8,11.6,-4.7
588,Barking and Dagenham,E05000040,Valence,-8.9,-9.7,-4.8,-19.5,-12.3,-6.1,-9.1,-3.8,-14.1,-14.7,-4,-3.5,-4.8
572,Barking and Dagenham,E05000039,Thames,-7.7,-4.3,-11.6,2.4,-10.7,-3,-28.8,-14.7,-3.9,-2.6,-11.7,-9.3,6.1
576,Barking and Dagenham,E05000038,River,-8.1,-19.8,-24.1,-8.4,-9.9,0.9,-4.6,-9.9,-4.8,-10,-5.5,4.3,-4.7
578,Barking and Dagenham,E05000037,Parsloes,-8.3,-5.1,-8.4,-19.9,-12.9,-5.1,-16.2,-1.4,-2.3,-13.2,-7.7,-2.5,-4.7
591,Barking and Dagenham,E05000036,Mayesbrook,-8.9,-4.5,-11.6,-18.4,-12.3,-9.7,-19.5,-1.5,-6.7,-12.7,-9.1,3.6,-4.7
254,Barking and Dagenham,E05000035,Longbridge,1,5.3,-7,6.1,-0.6,-2.6,-4.3,6.7,7.4,2.9,-5.1,-3.2,6.1
594,Barking and Dagenham,E05000034,Heath,-9.2,-11.2,-12.6,-18.6,-20,-3.9,-11.6,-2.2,-0.6,-17.7,-8,0.6,-4.8
544,Barking and Dagenham,E05000033,Goresbrook,-6.5,-3.4,-13.5,-12,-12.9,-10.8,-12.9,1.7,-1.6,-16,-9.4,7.1,6.1
599,Barking and Dagenham,E05000032,Gascoigne,-9.4,-12.7,-14.1,-15,-21,-14.7,-4.9,-1.1,-6.4,-11,-3.9,-14.7,6.1
575,Barking and Dagenham,E05000031,Eastbury,-7.9,4.5,-10.3,-8.9,-15.1,-7.6,-19.8,-1.4,-10.2,-12.3,-7.5,-12.1,6.1
468,Barking and Dagenham,E05000030,Eastbrook,-4.6,-8.1,-10,-1.7,-9.4,1.3,-14.4,4.6,-3.2,-7.3,-10.5,8.4,-4.7
612,Barking and Dagenham,E05000029,Chadwell Heath,-10.6,-1.2,-19.3,-12,-10.3,-6.1,-31.3,-6.5,-14.9,-12.9,-10.8,2.9,-4.8
605,Barking and Dagenham,E05000028,Becontree,-9.9,-8,-18.5,-7.4,-14.3,-13.1,1.9,-12.8,-10.8,-16.4,-6.5,-8,-4.8
607,Barking and Dagenham,E05000027,Alibon,-10.2,-9,-12.9,-20.4,-15.1,-9.2,-3.9,-10.9,-11.5,-17.2,-4.5,-2.6,-4.7
447,Barking and Dagenham,E05000026,Abbey,-3.8,4.3,-8.3,4,-11.2,-18.4,-15.3,-4.5,-7.6,-9.4,15.8,-1.3,6.1
